Issue_ID,Title,Description,amb_f_T,amb_f_TD,inc_f_T,inc_f_TD,amb_d_T,amb_d_TD,inc_d_T,inc_d_TD,amb_a_T,amb_a_TD,inc_a_T,inc_a_TD,amb_s_T,amb_s_TD,inc_s_T,inc_s_TD,amb_sum_T,amb_sum_TD,inc_sum_T,inc_sum_TD,Final_amb_T,Final_amb_TD,Final_inc_T,Final_inc_TD
ISSUE-2087,CLI error when not specifying module type in module commands is cryptic an not helpful,"All of the CLI module commands that require the module name (e.g., 'module display source:mqtt') require that you preface the name with the module type. If you forget to do this, e.g., 'module display mqtt', you get a fairly cryptic exception which can confuse end users. The exception is: java.lang.StringIndexOutOfBoundsException: Failed to convert 'mqtt' to type QualifiedModuleName for option 'name,' String index out of range: -1",1,0,0,0,1,0,0,0,0,0,1,0,1,0,0,0,3,0,1,0,1,0,0,0
ISSUE-2338,Error in correlation strategy in aggregator.xml,"correlation-strategy-expression=""""$}'"""" should be correlation-strategy-expression=""""$'}"""" Add a test to make sure correlation expressions here work.",1,0,1,0,0,0,1,0,0,0,1,0,1,1,0,0,2,1,3,0,1,0,1,0
ISSUE-0972,deploy-working-dir is set to to root directory when container is started as service,"When Spring XD is started as a service using } the deploy-working-dir in GemFire module is resolved to the top-most directory (on Linux """"/""""). This directory is not writable by spring-xd user under which the process is executed. When a stream using GemFire is created e.g. } following exception will be thrown: [error 2015/03/24 15:55:20.798 GMT <DeploymentsPathChildrenCache-0> tid=0x34] Error when attempting to deploy JAR files on load. java.io.IOException: Unable to write to deploy directory at com.gemstone.gemfire.internal.JarDeployer.verifyWritableDeployDirectory(JarDeployer.java:589) at com.gemstone.gemfire.internal.JarDeployer.loadPreviouslyDeployedJars(JarDeployer.java:68) at com.gemstone.gemfire.internal.cache.GemFireCacheImpl.init(GemFireCacheImpl.java:839) at com.gemstone.gemfire.internal.cache.GemFireCacheImpl.create(GemFireCacheImpl.java:620) at com.gemstone.gemfire.cache.client.ClientCacheFactory.basicCreate(ClientCacheFactory.java:207) at com.gemstone.gemfire.cache.client.ClientCacheFactory.create(ClientCacheFactory.java:162) at org.springframework.data.gemfire.client.ClientCacheFactoryBean.createCache(ClientCacheFactoryBean.java:93) at org.springframework.data.gemfire.CacheFactoryBean.init(CacheFactoryBean.java:271) at org.springframework.data.gemfire.CacheFactoryBean.getObject(CacheFactoryBean.java:455) at org.springframework.data.gemfire.CacheFactoryBean.getObject(CacheFactoryBean.java:77) at org.springframework.beans.factory.support.FactoryBeanRegistrySupport.doGetObjectFromFactoryBean(FactoryBeanRegistrySupport.java:168) at org.springframework.beans.factory.support.FactoryBeanRegistrySupport.getObjectFromFactoryBean(FactoryBeanRegistrySupport.java:103) at org.springframework.beans.factory.support.AbstractBeanFactory.getObjectForBeanInstance(AbstractBeanFactory.java:1517) at org.springframework.beans.factory.support.AbstractBeanFactory.doGetBean(AbstractBeanFactory.java:251) at org.springframework.beans.factory.support.AbstractBeanFactory.getBean(AbstractBeanFactory.java:194) at org.springframework.beans.factory.support.BeanDefinitionValueResolver.resolveReference(BeanDefinitionValueResolver.java:351) at org.springframework.beans.factory.support.BeanDefinitionValueResolver.resolveValueIfNecessary(BeanDefinitionValueResolver.java:108) at org.springframework.beans.factory.support.AbstractAutowireCapableBeanFactory.applyPropertyValues(AbstractAutowireCapableBeanFactory.java:1469) at org.springframework.beans.factory.support.AbstractAutowireCapableBeanFactory.populateBean(AbstractAutowireCapableBeanFactory.java:1214) at org.springframework.beans.factory.support.AbstractAutowireCapableBeanFactory.doCreateBean(AbstractAutowireCapableBeanFactory.java:537) at org.springframework.beans.factory.support.AbstractAutowireCapableBeanFactory.createBean(AbstractAutowireCapableBeanFactory.java:476) at org.springframework.beans.factory.support.AbstractBeanFactory$1.getObject(AbstractBeanFactory.java:303) at org.springframework.beans.factory.support.DefaultSingletonBeanRegistry.getSingleton(DefaultSingletonBeanRegistry.java:230) at org.springframework.beans.factory.support.AbstractBeanFactory.doGetBean(AbstractBeanFactory.java:299) at org.springframework.beans.factory.support.AbstractBeanFactory.getBean(AbstractBeanFactory.java:194) at org.springframework.beans.factory.support.DefaultListableBeanFactory.preInstantiateSingletons(DefaultListableBeanFactory.java:743) at org.springframework.context.support.AbstractApplicationContext.finishBeanFactoryInitialization(AbstractApplicationContext.java:757) at org.springframework.context.support.AbstractApplicationContext.refresh(AbstractApplicationContext.java:480) at org.springframework.boot.SpringApplication.refresh(SpringApplication.java:691) at org.springframework.boot.SpringApplication.run(SpringApplication.java:321) at org.springframework.boot.builder.SpringApplicationBuilder.run(SpringApplicationBuilder.java:139) at org.springframework.xd.module.core.SimpleModule.initialize(SimpleModule.java:214) at org.springframework.xd.dirt.module.ModuleDeployer.doDeploy(ModuleDeployer.java:217) at org.springframework.xd.dirt.module.ModuleDeployer.deploy(ModuleDeployer.java:200) at org.springframework.xd.dirt.server.DeploymentListener.deployModule(DeploymentListener.java:363) at org.springframework.xd.dirt.server.DeploymentListener.deployStreamModule(DeploymentListener.java:332) at org.springframework.xd.dirt.server.DeploymentListener.onChildAdded(DeploymentListener.java:179) at org.springframework.xd.dirt.server.DeploymentListener.childEvent(DeploymentListener.java:147) at org.apache.curator.framework.recipes.cache.PathChildrenCache$5.apply(PathChildrenCache.java:509) at org.apache.curator.framework.recipes.cache.PathChildrenCache$5.apply(PathChildrenCache.java:503) at org.apache.curator.framework.listen.ListenerContainer$1.run(ListenerContainer.java:92) at com.google.common.util.concurrent.MoreExecutors$SameThreadExecutorService.execute(MoreExecutors.java:297) at org.apache.curator.framework.listen.ListenerContainer.forEach(ListenerContainer.java:83) at org.apache.curator.framework.recipes.cache.PathChildrenCache.callListeners(PathChildrenCache.java:500) at org.apache.curator.framework.recipes.cache.EventOperation.invoke(EventOperation.java:35) at org.apache.curator.framework.recipes.cache.PathChildrenCache$10.run(PathChildrenCache.java:762) at java.util.concurrent.Executors$RunnableAdapter.call(Executors.java:471) at java.util.concurrent.FutureTask.run(FutureTask.java:262) at java.util.concurrent.Executors$RunnableAdapter.call(Executors.java:471) at java.util.concurrent.FutureTask.run(FutureTask.java:262) at java.util.concurrent.ThreadPoolExecutor.runWorker(ThreadPoolExecutor.java:1145) at java.util.concurrent.ThreadPoolExecutor$Worker.run(ThreadPoolExecutor.java:615) at java.lang.Thread.run(Thread.java:745) deploy-working-dir should be set to a directory which writable by spring-xd user (maybe java.io.tmpdir?).",0,0,0,0,0,0,0,0,0,0,1,0,0,0,0,0,0,0,1,0,0,0,0,0
ISSUE-2665,Spike to model the cluster nodes.,Each node in the cluster advertises itself and the admin node listens to these ads and creates groups out of them. The deployment of jobs and stream processing can then be deployed onto a specific group and specific nodes within the group. The project https://github.com/spring-projects/spring-data-grid is the start of this model.,1,0,1,0,1,0,1,0,0,1,1,0,0,0,0,0,2,1,3,0,1,0,1,0
ISSUE-1414,Rename metrics repositories setValue(x,"y, z) to something less """"javabean"""""""",",1,1,1,1,1,1,1,1,0,0,1,1,0,0,0,0,2,2,3,3,1,1,1,1
ISSUE-0394,Tasks Launcher should be able to record status to a central repository,"Need infrastructure to capture the state from the environment (lattice, local) running the task. Task Launcher needs ability to map the task state as it is reported from the cloud environment (lattice, local) to the enumerated state as specified [#here|https://docs.google.com/document/d/1tTmQMIwSUEFewYYsafK8Ji4Z9NI-5F1VFeAiWHuZSgg/edit#heading=h.2ec94f2he9ly]. The state information needs to be recorded in the task_execution table enumerated [#here|https://docs.google.com/document/d/1tTmQMIwSUEFewYYsafK8Ji4Z9NI-5F1VFeAiWHuZSgg/edit#heading=h.2ec94f2he9ly].",0,0,0,0,0,0,0,0,0,0,1,0,0,0,0,0,0,0,1,0,0,0,0,0
ISSUE-2850,Richer module options metadata,"Module options are currently implemented using PropertySourcesPlaceholderConfigurer, doing simple """"text"""" replacements. This story proposes to introduce a richer model for module options, which could take the following xml representation (keeping in mind that there would be an underlying set of classes that could also apply to e.g. @Configuration approach): <xd:params> <xd:param name=""""port"""" help=""""the http port to listen on"""" /> </xd:params> So, the very first obvious benefit is providing help metadata. The second one is an easy way to list available option names, without resorting to brittle PropertySourcesPlaceholderConfigurer hacks (we wouldn't for example detect xd.stream.name or XD_TRANSPORT as a valid option) One could also specify defaults/computations, this time benefiting from SpEL everywhere: <xd:params> <xd:param name=""""directory"""" default=""""headers.directory"""" /> </xd:params> Lastly, this opens the door to better type checking / combinations / optionality support: <xd:params valid=""""fixedDelay || cron""""> <xd:param name=""""fixedDelay"""" type=""""int"""" /> <xd:param name=""""cron"""" type=""""string"""" /> </xd:params> The 'valid' attribute can e.g. be evaluated by SpEL. Some final remarks: - That construct can be compatible with our current approach by behaving as a PropertySource itself (instead of creating a PropertySource, the StreamPlugin would give this new bean the java.util.Properties) - Plugins could benefit from a hook in that construct and advertise the fact that they expect/provide new options (e.g. --inputType) There is a slight problem though, which is that if this construct lives in the same AppContext as the module definition itself, then the AppContext needs to be refreshed for the logic to kick in. One could circumvent that using profiles, or we could rely on a different filename convention (e.g. <module>-params.xml)",1,0,1,0,1,0,1,0,0,0,1,0,0,0,1,0,2,0,4,0,1,0,1,0
ISSUE-0549,Port FTP as s-c-s source module,"As a Spring XD developer, I'd like to port } modules from XD to s-c-s repo, so I can use them as } modules to build streaming pipeline.",1,0,1,0,0,0,1,0,0,1,1,0,0,0,0,0,1,1,3,0,0,0,1,0
ISSUE-2979,Change url to access UI from browser,"Currently, the url for accessing the XD UI is }. This feels messy and dated. We should be able to access the ui without explicitly including the index.html, like this: http://localhost:8080/admin-ui",0,0,0,0,0,0,0,0,0,0,1,0,0,0,0,0,0,0,1,0,0,0,0,0
ISSUE-0714,Add Logging to ZooKeeperContainerRepository,"Occasional CI test build failures: Caused by: java.lang.IllegalStateException: Container cache not initialized (likely as a result of a ZooKeeper connection error) at org.springframework.util.Assert.state(Assert.java:385) at org.springframework.xd.dirt.container.store.ZooKeeperContainerRepository.ensureCache(ZooKeeperContainerRepository.java:184) at org.springframework.xd.dirt.container.store.ZooKeeperContainerRepository.findOne(ZooKeeperContainerRepository.java:263) e.g. https://build.spring.io/browse/XD-JDK8-JOB1-1514 Add logging to } (e.g. in } ) and } to log that the cache was closed; it appears that's the only way the """"cache not initialized"""" message can be emitted.",1,0,1,0,0,0,0,0,0,0,1,0,0,0,0,0,1,0,2,0,0,0,1,0
ISSUE-1907,DefaultContainerMatcher - Improve Logging and mention affected Module,"When deploying a definition with a container match criteria specified, and no container could be selected - the logging is ambiguous and should mention the affected module: 11:58:24,089 WARN DeploymentSupervisorCacheListener-0 cluster.DefaultContainerMatcher - No currently available containers match criteria 'somecriteria'",0,0,0,0,0,0,0,0,0,0,1,0,0,0,0,0,0,0,1,0,0,0,0,0
ISSUE-1146,http-client Improvement (userDefinedHeaderPrefix),"Currently, you cannot suppress (or change) the } prefix on user-defined headers. See http://stackoverflow.com/questions/28118990/passing-http-request-header-to-restapi-from-springxd-using-http-client-processor/28153291#28153291 Add $\ property.",0,0,1,0,1,0,1,0,0,0,1,1,0,0,1,0,1,0,4,1,0,0,1,0
ISSUE-3079,Deploy a new job module *after* XD-singlenode container has started.,"After the xd-singlenode process has started, create a new job that has dependencies not already in the parent application context, and then create and run a new job that uses the new module. *Implementation Suggestions* Develop in the test tree, we can put in the jar and config from https://github.com/SpringSource/spring-xd-samples/tree/master/batch-simple *How to verify it works.* In a JUnit test case copy in a new job that has new dependencies, ..copy the lib and config directories into the location where the ModuleRegisty will pick it up. Deploy a new job and check in the job repository that the job ran and was successful.",0,0,0,0,0,0,0,0,0,0,0,0,0,0,0,0,0,0,0,0,0,0,0,0
ISSUE-0367,Spike: Study scope to add support for hdfs commands in shell,"As a s-c-d developer, I'd like to add support for hadoop commands in shell, so I can use it to query the hadoop file system.",1,0,0,0,1,0,1,0,0,0,1,0,0,0,0,0,2,0,2,0,1,0,1,0
ISSUE-3374,Documentation for AggregateCounter,Add section to Analytics chapter on use of AggregateCounter. The example should show the use of the shell to create the tap that uses the AggregateCounter.,0,0,1,0,1,0,1,0,0,0,1,0,0,0,0,0,1,0,3,0,0,0,1,0
ISSUE-0460,First deploy/launch of Pig job that includes yarn-site.xml file fails,Deploying and launching a Pig job that contains a yarn-site.xml config file fails on the first deploy after XD starts up. This happens consistently. The error is: Error: Could not find or load main class org.apache.hadoop.mapreduce.v2.app.MRAppMaster which indicates that the yarn-site.xml file never made it to the classpath. Un-deploying and re-deploying the job seems to fix the problem.,0,0,0,0,0,0,0,0,0,0,0,0,0,0,0,0,0,0,0,0,0,0,0,0
ISSUE-0456,Refactor Task parsing,Currently the DSL parsing for tasks is a copy and paste of what it is for streams (minus the ability to parse multiple modules). This results in a lot of duplication. This should be refactored to remove duplication and remove explicit references to either streams or tasks in common code.,1,0,1,0,1,0,1,0,0,0,1,0,0,0,1,0,2,0,4,0,1,0,1,0
ISSUE-3038,Add Spring XD Build Plan for Java 8 to Bamboo,This is issue depends on XD-761 https://build.springsource.org/browse/XD-JDK8,0,0,0,0,0,0,0,0,0,0,1,1,0,0,0,0,0,0,1,1,0,0,0,0
ISSUE-0976,Create a gpload batch job,"As a developer, I'd like to create a _gpload_ tasklet, so I can ingest data from various sources into GPDB in an efficient manner.",1,0,1,0,1,0,1,0,0,0,1,0,0,0,0,0,2,0,3,0,1,0,1,0
ISSUE-1548,Document the configuration of the JobRepository,"XD-2172 added a custom BatchConfigurer to allow the configuration of various properties when creating the JobRepository, isolationLevel, tablePrefix etc. This should be documented in either the Application Configuration second of the docs or in the Batch Job section.",0,0,0,0,1,0,0,0,0,0,1,0,0,0,0,0,1,0,1,0,0,0,0,0
ISSUE-1672,Add Basic Auth support,"As a user, I'd like to have the option of _Basic Auth_ so that I'm challenged to provide _user name_ and _password_ when making a request. Technical Implementation: This functionality is provided in Spring Boot 1.1.x, it should be a matter of adding the spring boot security starter dependency to the spring-xd-dirt project. It will be controlled using the spring boot property server.basic.enabled = true/false. Our default in application.yml for this property should be false.",0,0,0,0,1,0,1,0,0,0,1,0,0,0,0,0,1,0,2,0,0,0,1,0
ISSUE-1002,Remove Reactor Stream processor from ref docs to spring-xd-modules,Not going to integrate with Reactor for stream processing.,0,0,0,0,1,1,0,0,0,0,0,0,0,0,0,0,1,1,0,0,0,0,0,0
ISSUE-0927,Add support to deploy stream in a single container,"As a developer, I'd like to deploy a stream in the same container, so all modules are colocated within the container. Perhaps also consider building leader election within modules in order to automatically failover the application (stream) from one container to another.",0,0,0,0,1,0,0,0,0,1,1,0,0,0,0,0,1,1,1,0,0,0,0,0
ISSUE-0336,[Int Tests] Enhance test coverage for Lattice SPI,"As a s-c-d developer, I'd like to enhance integration test coverage for } SPI, so I can continuously evaluate functionalities via CI pipeline.",0,0,0,0,1,0,1,0,0,0,1,0,0,0,0,0,1,0,2,0,0,0,1,0
ISSUE-2604,JobPlugin - Use containsKey when checking for Parameters,Use containsKey when checking for Parameters Add tests,0,0,0,0,0,0,1,0,0,0,1,1,0,0,0,0,0,0,2,1,0,0,1,0
ISSUE-1900,Enable FtpHdfsTest,"FtpHdfsTest was added in https://github.com/spring-projects/spring-xd/pull/1005 but excluded since it will require some changes to run on ec2, including setting up an ftpServer on ec2 with appropriate security, etc.",1,0,1,0,0,0,1,0,0,0,1,0,0,0,0,0,1,0,3,0,0,0,1,0
ISSUE-0514,Add PHD HDFS as s-c-s module,"As a s-c-s developer, I'd like to investigate the right approach to port } as the provider to support } module from XD, so I can decide better handling of HDFS dependencies, which needs loaded and available in root CP at the runtime.",0,0,0,0,1,0,1,0,0,1,1,0,0,0,0,0,1,1,2,0,0,0,1,0
ISSUE-1536,CompositeModuleDefinition should contain more than List<ModuleDefinition>,"CMD should contain not only name and type of the child module, but also capture the options that were used in the composition. An intermediate between ModuleDefinition and ModuleDescriptor should be created for that purpose (and maybe be part of ModuleDescriptor then)",0,0,0,0,1,0,1,0,0,0,1,0,1,0,0,0,2,0,2,0,1,0,1,0
ISSUE-2545,Provide a clean way to get a reference to the MessageBus running in SingleNodeApplication,"Currently the message bus is only obtained via Module.getComponent(MessageBus.class). Stream testing scenarios that depend on sending and receiving payloads via named channels do not require a deployed module instance per se, but any stream flow control uses the MessageBus directly. Getting a deployed module instance in general is expensive, e.g., you have to wait for the module to deploy asynchronously, whereas the MessageBus implementation could be known a priori when the application starts. An improvement would be to ask the container for its MessageBus.",0,0,0,0,1,0,0,0,0,0,1,0,0,0,0,0,1,0,1,0,0,0,0,0
ISSUE-3424,Final review of REST API structure document for streams,"taps and jobs"""",Get closure on open discussion points for REST API wrt to streams, taps and jobs.",0,0,0,0,1,1,1,0,0,1,1,0,0,0,0,0,1,2,2,0,0,1,1,0
ISSUE-2913,Change default admin port from 8080,This conflicts with and 'out of the box' hadoop installation that uses 8080 as the 'map reduce shuffle port'. 8088 sound ok?,1,0,1,0,1,0,1,0,0,0,1,0,0,0,0,0,2,0,3,0,1,0,1,0
ISSUE-2866,Find runtime modules by type and/or name,"We need a way to find the runtime module info by module type(""""source"""", """"sink"""", """"processor"""", """"job"""").",0,0,1,0,1,0,1,0,0,0,0,0,0,0,0,0,1,0,2,0,0,0,1,0
ISSUE-1470,User wants to package and deploy an XD application,"Install a boot uberjar containing custom modules plus stream and job definitions, and possibly specific configuration. This potentially includes the ability to export and import all deployable resources defined in an XD environment.",0,0,0,0,1,0,0,0,0,0,1,0,0,0,1,0,1,0,2,0,0,0,1,0
ISSUE-0697,Create a spark standalone cluster on CI to run spark streaming tests,We need to setup Spark standalone cluster on the CI environment so that the Spark streaming tests can be run on the standalone cluster along with the local mode (that we run now).,0,0,0,0,0,0,0,0,0,0,1,0,0,0,0,0,0,0,1,0,0,0,0,0
ISSUE-0518,Port Redis counter as s-c-s sink,"As a s-c-s developer, I'd like to adapt redis } from XD to s-c-s, so I can build streaming pipes using s-c-s modules with simple counters to feed dashboards.",1,0,1,0,1,0,1,0,0,1,1,0,1,0,0,0,3,1,3,0,1,0,1,0
ISSUE-1072,Large number of required options in jdbc sink definition,"I'd like to use the following command to define a stream in our Spring XD for PivotalCF test environment: stream create --name test --definition """"http --port=9999 | jdbc --username=spring-xd --password=spring-xd --driverClassName=org.postgresql.Driver --url=jdbc:postgresql://1.2.3.4:5432/spring-xd"""" I have to add the following options to the definition to make it work (otherwise I get exceptions and a failed deploy): -validationQuery='' --validatorClassName='#' --connectionProperties='' --initSQL='' --jdbcInterceptors='' --initializerScript='' Given that they're empty anyway it seems like some or all of these should not be necessary. _Notes_ * The validatorClassName cannot be '' like the others, it needs the null. * Without initSQL='' stream creation fails because it can't find init_db.sql (a file I don't have in my environment), even though it won't be run anyway.",0,0,0,0,1,0,1,0,0,0,1,0,0,0,1,0,1,0,3,0,0,0,1,0
ISSUE-1097,Temp files for stream create not being cleaned,"During testing for Spring XD for PivotalCF we create, deploy, use, undeploy and destroy many streams. Each stream generates } directories (I think 2, one for source, one for sink) in the xd-admin VM's } directory, e.g. dummy-module4635787551932601017sinkredis dummy-module252960009195893204sourcehttp These } directories are not being cleared up, so our system has hit the inode limit of 32768 files for a volume: Filesystem Inodes IUsed IFree IUse% Mounted on /dev/loop0 32768 32768 0 100% /tmp This causes a Java }, the immediately relevant part of which appears to be: [Caught] exception while handling a request Feb 18 09:06:06 10.85.30.142-2 xd-admin-partition-default_az_guid-0: [java.lang.RuntimeException] java.io.IOException: No space left on device Feb 18 09:06:06 10.85.30.142-2 xd-admin-partition-default_az_guid-0: [] at org.springframework.xd.module.ModuleDefinitions.dummy(ModuleDefinitions.java:81) This causes the test system to fail entirely.",0,0,0,0,1,0,1,0,0,0,1,0,0,0,0,0,1,0,2,0,0,0,1,0
ISSUE-2832,The HDFS Sink should support compressing files as they are copied,"Get a java.io.File and copy it into HDFS. Could be text or binary. Write compressed with Hadoop and third party codecs see: (XD-277, XD-279) should initially support: - bzip2 - LZO",0,0,0,0,0,0,0,0,0,0,0,0,0,0,0,0,0,0,0,0,0,0,0,0
ISSUE-1088,HDFS StoreMessageHandlers are not very resilient,There are cases where hdfs-outbound-channel-adapter (from spring-xd-hadoop module) will keep a broken datawriter's stream open. For example if the underlying HDFS stream throws a RemoteException (ie. some hadoop error occurred) there's no mitigation. Subsequent writes will always fail. The MessageHandler could potentially try to close and re-open the stream or trigger a rollover strategy to occur (creating a new stream).,0,0,0,0,1,0,1,0,0,0,1,0,1,0,0,0,2,0,2,0,1,0,1,0
ISSUE-0993,XD on Lattice POC,"As a developer, I'd like to continue XD-on-Lattice/Diego PoC, and will be focused on the design of a pluggable SPI, so it is more generally applicable than Lattice, with the Receptor API being just one implementation option.",1,0,1,0,1,0,1,0,0,1,1,0,0,0,1,0,2,1,4,0,1,0,1,0
ISSUE-3212,Parsing stream definition with parameter containing single quotes not working,"The documented gemfire-cq example (https://github.com/springsource/spring-xd/wiki/Sources#wiki-gemfire-cq) fails: xd:>stream create --name cqtest --definition """"gemfire-cq --query=""""Select * from /Stocks where symbol= 'VMW'"""" | file"""" You cannot specify option 'name' when you have also specified '' in the same command xd:>stream create --name cqtest --definition """"gemfire-cq --query=Select * from /Stocks where symbol=' VMW' | file"""" 10:01:46,249 WARN Spring Shell client.RestTemplate:524 - POST request for """"http://localhost:8080/str eams"""" resulted in 400 (Bad Request); invoking error handler Command failed org.springframework.xd.rest.client.impl.SpringXDException: XD115E:(pos 26): unexpected data in stream definition '*' gemfire-cq --query=Select * from /Stocks where symbol='VMW' | file ^",0,0,0,0,0,0,0,0,0,0,0,0,1,0,0,0,1,0,0,0,0,0,0,0
ISSUE-0131,Support partitioning for Kafka even if count == 1,"As a developer, I want to be able to set a partitioning key for the Kafka bus even when there is a single downstream module, so that I can take advantage of the native Kafka partitioning and message ordering support.",1,0,1,0,0,0,1,0,0,0,1,0,1,0,0,0,2,0,3,0,1,0,1,0
ISSUE-2806,User should be able to view the list of all the job definitions,"Create a tab view with tabs “Job Definitions”, “Runtime Jobs” (Deployed Jobs?, “Job Instances” (Is Runtime Jobs a better name here?) and “Job Executions”. On clicking “Job Definitions” tab, we can have a table view of job definitions. Since we bootstrap.js, we can have a responsive table layout to list all the available job definitions. At the REST layer, “/jobs” provides the list of job definitions. We can expand the JobsController list()’s QueryOptions to add more criteria (especially to list JobDefinition’s status (Deployed/Undeployed). Also, this is the UI implementation for the shell command “job list”",0,0,0,0,0,0,0,0,0,0,1,0,0,0,0,0,0,0,1,0,0,0,0,0
ISSUE-3281,Create proper test coverage for Controllers,Create proper test coverage for Controllers,0,0,0,1,0,0,1,1,0,0,1,1,0,0,0,0,0,0,2,3,0,0,1,1
ISSUE-0114,Spring flo issue with unexpected char,In Flo when creating a stream if you use asterisk you get an error. See the image attached.,1,0,1,0,0,0,1,0,0,0,1,1,0,0,1,0,1,0,4,1,0,0,1,0
ISSUE-2819,Create OOTB batch job for export and processing multiple files from HDFS to MongoDB,The ItemReader will read multiple files from HDFS and the data will be converted to a tuple data structure The ItemProcessor will be a no-op groovy script. The ItemWriter will write the data to a MongoDB collection ** A TupleToDBObject converter will need to be developed. *the sample job should be documented*,0,0,0,0,0,0,0,0,0,0,0,0,0,0,0,0,0,0,0,0,0,0,0,0
ISSUE-3583,Creating a tap throws an exception,Creating a tap throws an exception. In local mode: Cannot resolve reference to bean 'redisConnectionFactory' while setting constructor argument; nested exception is org.springframework.beans.factory.NoSuchBeanDefinitionException: No bean named 'redisConnectionFactory' is defined But also fails when using redis.,1,0,1,0,1,0,1,0,0,0,1,0,0,0,0,0,2,0,3,0,1,0,1,0
ISSUE-1320,Upgrade CI Acceptance AMI to HVM,Replace the current paravirtual AMI used for CI tests needed to be replaced with a HVM based AMI Paravirtual is being phased out by Amazon. Also so we can utilize VPC and placement groups in the future.,0,0,0,0,0,0,1,0,0,0,1,0,1,0,0,0,1,0,2,0,0,0,1,0
ISSUE-3683,Sonar build is failing,https://build.springsource.org/browse/XD-SONAR-34 Caused by: java.lang.ClassNotFoundException: org.sonar.api.Plugin at org.codehaus.plexus.classworlds.strategy.SelfFirstStrategy.loadClass(SelfFirstStrategy.java:50) at org.codehaus.plexus.classworlds.realm.ClassRealm.loadClass(ClassRealm.java:244) at org.codehaus.plexus.classworlds.realm.ClassRealm.loadClass(ClassRealm.java:230) ... 94 more,1,0,1,0,1,0,1,0,0,0,1,0,1,0,0,0,3,0,3,0,1,0,1,0
ISSUE-0297,Port Mail as s-c-s sink,"As a Spring XD developer, I'd like to move } module from XD to s-c-s repo, so I can use it as sink to build streaming pipeline.",0,0,1,0,1,0,1,0,0,0,1,1,0,0,1,0,1,0,4,1,0,0,1,0
ISSUE-2837,User requires wiki page on how to use the XD EC2 Installer,Add instructions to github wiki on the usage of the installer,0,0,0,0,1,0,1,0,0,0,0,0,0,0,0,0,1,0,1,0,0,0,0,0
ISSUE-0692,Document the new analytics tab features,"As a user, I'd like to refer to the analytics tab docs, so I can understand how to use various widgets from streaming pipeline.",0,0,0,0,1,0,1,0,0,0,0,0,0,0,0,0,1,0,1,0,0,0,0,0
ISSUE-1393,Workaround latest boot snapshot issue,"* The workaround explicitly updates spring-core (latest boot needs it) * merges all application.yml documents that are not profile-specific under on spring: key (the latest boot requires it, at least for now. Boot may go back, see spring-projects/spring-boot#2022",1,0,1,0,1,0,1,0,0,1,1,0,0,0,0,0,2,1,3,0,1,0,1,0
ISSUE-1213,Add test coverage for 'complex objects' as payload,"As a tester, I'd like to add test coverage for """"complex objects"""" such protocol buffers, any object with nested variables or a tree of objects so that I can evaluate and document the performance characteristics.",0,0,0,0,0,0,1,0,0,1,1,0,1,0,0,0,1,1,2,0,0,0,1,0
ISSUE-2096,Create documentation section for the shell,"Create a new section in the docs regaring shell usage, in particular how to represent single and double quotes. Include some discussion of basic commands to manipulate streams, jobs and list modules. How to pass in a file that can be executed when the shell starts up. Also point to spring-shell ref docs for extensibility in terms of adding custom commands.",0,0,0,0,1,0,1,0,0,0,1,0,0,0,0,0,1,0,2,0,0,0,1,0
ISSUE-0695,Example hashtag-count MR job fails when running XD on YARN with PHD 3.0,"Running XD on YARN on PHD 3.0 Ambari install. Uploading and submitting a custom job fails with the following: 2015-06-02 16:54:15,580 INFO [AsyncDispatcher event handler] org.apache.hadoop.mapreduce.v2.app.job.impl.TaskAttemptImpl: Diagnostics report from attempt_1433273561345_0009_m_000000_0: Error: java.lang.RuntimeException: java.lang.ClassNotFoundException: Class org.springframework.xd.examples.hadoop.HashtagCount$TokenizerMapper not found at org.apache.hadoop.conf.Configuration.getClass(Configuration.java:2076) at org.apache.hadoop.mapreduce.task.JobContextImpl.getMapperClass(JobContextImpl.java:186) at org.apache.hadoop.mapred.MapTask.runNewMapper(MapTask.java:742) at org.apache.hadoop.mapred.MapTask.run(MapTask.java:341) at org.apache.hadoop.mapred.YarnChild$2.run(YarnChild.java:163) at java.security.AccessController.doPrivileged(Native Method) at javax.security.auth.Subject.doAs(Subject.java:415) at org.apache.hadoop.security.UserGroupInformation.doAs(UserGroupInformation.java:1628) at org.apache.hadoop.mapred.YarnChild.main(YarnChild.java:158) Caused by: java.lang.ClassNotFoundException: Class org.springframework.xd.examples.hadoop.HashtagCount$TokenizerMapper not found at org.apache.hadoop.conf.Configuration.getClassByName(Configuration.java:1982) at org.apache.hadoop.conf.Configuration.getClass(Configuration.java:2074) ... 8 more Same example jar works fine when submitted from XD cluster.",0,0,0,0,0,0,0,0,0,0,1,0,0,0,0,0,0,0,1,0,0,0,0,0
ISSUE-1859,Investigate deployed module context close upon container shutdown,"Upon the container shutdown, the deployed modules' contexts get closed before the corresponding `Stream/JobModuleWatcher` does the undeployment of the stream/job modules.",0,0,0,0,1,0,0,0,0,0,1,0,0,0,0,0,1,0,1,0,0,0,0,0
ISSUE-2486,Add XD deployment for YARN,"Add YARN specific code based on Janne's prototyping Add YARN Client and AppMaster implementations and startup config files This includes shell scripts to deploy XD to YARN Test working on Apache 2.2 distribution We can modify config files, everything should be possible to override by providing command-line args or env variables. ./xd-yarn-deploy --zipFile /tmp/spring-xd-yarn.zip --config /tmp/spring-xd-yarn.yml",0,0,0,0,0,0,1,0,0,0,1,0,0,0,0,0,0,0,2,0,0,0,1,0
ISSUE-1473,Document Kafka message bus,"As a user, I'd like to refer to documentation in wiki so that I can setup and configure Kafka as a message bus as recommended.",0,0,1,0,1,0,1,0,0,0,0,0,1,0,0,0,2,0,2,0,1,0,1,0
ISSUE-1928,Module option validation not happening anymore,"It seems that no option validation (being Spring or jsr 303) is happening anymore at stream creation time. eg stream create foo --definition """"http --port=bar | log""""",0,0,0,0,1,0,1,0,0,0,1,0,1,0,0,0,2,0,2,0,1,0,1,0
ISSUE-2209,Validate existence of batch job at the admin side,"Since the batch job repository is not intended to be deleted, it is possible to have a batch job that already exists in the batch job repo even if the batch job definition is destroyed in XD. When a new job definition is created, we need to add a validation for the same job definition name against the batch job repository. Currently, we will only see a failure when the job is actually deployed into the container (when the batch job repository is updated during the deployment).",0,0,0,0,0,0,0,0,0,0,0,0,0,0,0,0,0,0,0,0,0,0,0,0
ISSUE-2118,Stream-lib - analytics operators,"We would like to experiment with “stream-lib”, a stream summarizer and cardinality (counting distinct elements) estimator to further enrich Spring XD's analytics feature-set. GitHub -> https://github.com/addthis/stream-lib",1,0,1,0,1,0,1,0,0,0,1,0,0,0,1,0,2,0,4,0,1,0,1,0
ISSUE-1678,Preserve partition state on container restarts,"As a user, I'd like to retain the data partitioning state so that when I restart the containers, I continue to write based on the original partitioning strategy. Currently, the state is not preserved; hence, on restarts the definition of partitioning strategy is lost due to different _hashCode()_. *Design consideration:* Mine through the container info to derive the """"partition index"""" instead of relying on _hashCode()_.",0,0,0,0,0,0,1,0,0,0,1,0,0,0,0,0,0,0,2,0,0,0,1,0
ISSUE-2005,Paging support for ModuleMetadata/Container repositories,Add paging support for the appropriate accessor methods in ModuleMetadata/Container repositories,0,0,0,0,0,0,1,0,0,0,0,0,1,0,0,0,1,0,1,0,0,0,0,0
ISSUE-0138,Upgrade to SHDP 2.2.1.GA,"As a developer, I'd like to upgrade to 2.2.1 GA release, so I can leverage the latest improvements without breaking backwards compatibility. SHDP 2.3.0 uses Boot 1.3 and HDP and CDH versions that drop older Hive support. To avoid breaking changes we should instead use SHDP 2.2.1 that has backported any improvements that we need as well as move Spring and Hadoop versions to more recent ones.",1,0,1,0,0,0,1,0,0,0,0,0,1,0,0,0,2,0,2,0,1,0,1,0
ISSUE-1267,Add in-memory based Aggregate Field Value Counters,"As a user, I'd like to have a Redis based aggregation over field-value counters so that I can continuously write the aggregation in Redis as we ingest more data. *Scope:* * Port specs from [previous implementation|https://github.com/spring-projects/spring-xd/wiki/OLD---Aggregate-Field-Value-Counters]. * Identify gaps * Update reference documentation",1,0,0,0,0,0,1,0,0,0,1,0,1,0,0,0,2,0,2,0,1,0,1,0
ISSUE-2220,Support Groovy bean definitions as XD extensions,Modify the PluginContextExtensionsInitializer to consume .groovy bean definitions as well as XML.,0,0,1,1,1,0,1,0,0,0,1,0,0,1,0,0,1,1,3,1,0,0,1,0
ISSUE-0982,Harmonize poller configuration,"See conversation at https://github.com/spring-projects/spring-xd/pull/1509 Several source modules leverage a poller, with `fixedDelay` being a common name for one of the options. There is actually PeriodicTriggerMixin available, which should be applied to all modules, to make sure configuration is harmonized. See https://github.com/spring-projects/spring-xd/pull/1384/files At the time of writing: grep -r '<poller' . --include='*.xml' | grep -v build ./modules/source/file/config/file.xml: <poller fixed-delay=""""$"""" time-unit=""""SECONDS""""/> ./modules/source/jdbc/config/jdbc.xml: <poller fixed-delay=""""$"""" time-unit=""""SECONDS""""> ./modules/source/mail/config/mail.xml: <poller fixed-delay=""""$"""" time-unit=""""SECONDS""""> ./modules/source/sftp/config/sftp.xml: <poller fixed-delay=""""$"""" time-unit=""""SECONDS"""" /> ./modules/source/time/config/time.xml: <poller trigger=""""fixedDelayTrigger"""" />",1,0,1,0,1,0,1,0,0,0,1,0,0,0,1,0,2,0,4,0,1,0,1,0
ISSUE-3457,Retrieve information for an aggregate counter,"TODO as part of this (see XD-537): * Get rid of so-called Service layer in analytics project (doesn't do much right now, and logic would better live in the 'Handler' IMO) * Have REST controllers depend on XRepository in all cases",0,0,0,0,0,0,1,0,0,0,1,0,1,1,0,0,1,1,2,0,0,0,1,0
ISSUE-0753,Spring XD admin fails to redeploy modules after Spring XD container successfully reconnectes to Zookeeper,"We are running Spring XD 1.1.1 in our production environment and Zookeeper 3.4.5. Zookeeper is running in failover mode and consists of three independent nodes set up on three separate VMs. From time to time we get """"Connection to Zookeeper Suspended"""" event which causes one of the containers in the cluster to be removed from the SpringXD cluster. Modules being deployed on this removed node fail to be re-deployed to other containers in the cluster. Affected versions: - SpringXD 1.1.1 - Zookeeper 3.4.5 and 3.4.6 Cluster set up in PROD environment where error occurs: - 4 Spring-XD dedicated servers - 4 spring-xd containers (each running on designated server ) - 2 spring-xd admins ( each running alongside one spring-xd container) - 3 Zookeeper nodes ( 3 designated servers on PAITO environment ) Cluster set up in TEST environment where error also occurred: - 2 Spring-XD dedicated servers running one spring-xd container and one spring-xd admin each - 3 Zookeeper nodes running on 3 dedicated servers (PAITO Test environment) Cluster set up to reproduce error found in PROD environment: - 1 spring-xd admin - 3 spring xd-containers (each running on a designated VM ) - 3 zookeeper servers running on one VM Steps to reproduce: 1) Set up three node Zookeeper cluster. Attached is example zoo.cfg, we are using default configuration values. In this particular test case we run all Zookeeper nodes on a single VM as we were not testing network layer interruptions. 2) Set up one Spring XD admin node. Please note that we have also observed this on two node Spring XD admin cluster. 3) Set up three Spring XD container nodes. All of them belong to one group (SA) and two of them also belong to second group (HA1). This is configured in $XD_HOME/config/servers.yml however so far group configuration never influenced test outcome. 4) Create and deploy a test stream using following XD Shell commands: stream create --name test-zookeeper-failover --definition """"syslog-udp --port=5140 | transform | file --dir='/opt/pivotal/spring-xd/xd/output'"""" stream deploy --name test-zookeeper-failover --properties """"module.syslog-udp.criteria=groups.contains('HA1'),module.syslog-udp.count=2,module.file.criteria=groups.contains('SA'),module.file.count=3,module.transform.criteria=groups.contains('SA')"""" 5) Ensure that test stream works and handles traffic on UDP port 5140 6) Shutdown one of the Zookeeper nodes by issuing a stop command. 7) Two Spring XD containers were not affected and remained in Spring XD cluster. 8) One Spring XD container was kicked out of Spring XD cluster and was no longer visible on Spring XD admin Web UI. Modules previously deployed to this container were not redeployed to other cluster members. 9) On the failed Spring XD container we have observed CONNECTION_SUSPEND, CONNECTION_RECONECTED and CHILD_REMOVE Zookeeper events (attached is container-log.txt). Please note that Java process is still running and we see “ConnectionStateManager-0 server.ContainerRegistrar - Waiting for supervisor to clean up prior deployments” messages. 10) Spring XD admin failed with exception in DepartingContainerModuleRedeployer (attached is admin-log.txt). 11) We have observed that departing container node in Zookeeper (/sa/deployments/modules/allocated/1d3fd4cc-5a70-47ed-b4f3-22deef1f4d4f/) had no children. We did this after few minutes so we are not sure at which point it was cleared. 12) Restarting failed Spring XD container fixed the problem, modules were correctly redeployed. Exception from point 10 is very similar to XD-1983 and this code was rewritten in XD-2004.",0,0,0,0,0,0,0,0,0,0,0,0,0,0,0,0,0,0,0,0,0,0,0,0
ISSUE-1005,"Composite Modules should inherit """"xd.*"""" properties","Currently when modules are composed to a single application context, properties are not inherited. https://github.com/spring-projects/spring-xd/wiki/Modules#placeholders-available-to-all-modules",0,0,0,0,0,0,1,0,0,0,1,0,0,0,0,0,0,0,2,0,0,0,1,0
ISSUE-0247,Move Kafka @Rule to a separate repo,"As an s-c-d developer, I'd like to move kafka } to a separate repo, so I can consume the test fixtures in different projects.",0,0,0,0,0,0,0,0,0,1,1,0,0,0,0,0,0,1,1,0,0,0,0,0
ISSUE-2390,Create RPM for distribution,Package SpringXD into an RPM install path = /opt/pivotal/spring-xd-1.0.0.M5 with symlink /opt/pivotal/spring-xd -> current version init.d scripts to start/stop/status service springxd-admin start|stop|status service springxd-container start|stop|status user/group = springxd/pivotal Host springxd rpm in Pivotal repo yum install springxd Support RHEL/CentOS version 5 and 6? (tested on latest updates) Support for 32 and 64 bits Support Java 1.6 and 1.7,1,0,1,0,1,0,1,0,0,0,1,0,0,1,0,0,2,1,3,0,1,0,1,0
ISSUE-3476,Add Spring/Integration MBean Exporters to Module ApplicationContexts,Global option? Override for individual modules? module types?,0,0,0,0,1,1,1,1,0,1,1,0,0,0,0,1,1,2,2,2,0,1,1,1
ISSUE-2808,Add documentation for gemfire cache-listener source,"Need some sample usage, docs for https://github.com/spring-projects/spring-xd/tree/master/modules/source/gemfire",0,0,0,0,1,0,0,0,0,0,1,0,0,0,0,0,1,0,1,0,0,0,0,0
ISSUE-2171,Add a 'rank' expression to be used by the container matcher,"following the HTCondor model for resource assignment, the use of a 'rank' expression that evaluates to an integer is used to order the containers that match the current 'criteria' expression. This allows you to setup ranks such as 'prefer the machine with the most free memory' or 'prefer a machine from groupa' (higher rank values match first). From HTCondor Presentation Rank * The rank expression is evaluated into a number for every potential matching machine. * A machine with a higher number will be preferred over a machine with a lower number. Rank Examples * Prefer machines with more Mips: ** Rank = Mips * Prefer more memory, but add 100 to the rank if the machine is Solaris 2.7: ** Rank = Memory + 100*(OpSys==“SOLARIS27)” * Prefer machines with a high ratio of memory to cpu performance: ** Rank = Memory/Mips * Prefer machines that will checkpoint in Bologna: ** Rank = (CkptServer==“ckpt.bo.infn.it”)",0,0,0,0,0,0,1,0,0,0,1,0,1,0,0,0,1,0,2,0,0,0,1,0
ISSUE-0332,[Unit Tests] Enhance test coverage for YARN SPI,"As a s-c-d developer, I'd like to enhance unit test coverage for } SPI, so I can continuously evaluate functionalities via CI pipeline.",0,0,0,0,0,0,1,0,0,0,0,0,1,0,0,0,1,0,1,0,0,0,0,0
ISSUE-0424,Prevent external libraries from overriding uber-jar dependencies,"As a s-c-d developer, I'd like to enforce external libraries from overriding any existing library in the uber-jar.",0,0,0,0,0,0,0,0,0,1,1,0,0,0,0,0,0,1,1,0,0,0,0,0
ISSUE-0373,Remove hardcoded yarn app version jars,We currently use fixed paths like `spring-cloud-data-yarn/spring-cloud-data-yarn-appmaster/target/spring-cloud-data-yarn-appmaster-1.0.0.BUILD-SNAPSHOT.jar` in yml files. Need to make define version during a build and allow to override location of those files.,0,0,0,0,0,0,1,0,0,0,0,0,0,0,0,0,0,0,1,0,0,0,0,0
ISSUE-0586,Replace spring-xd-messagebus-* dependencies with SCS,XD 2.0 will not have direct dependency on the s-c-s Binder (as MB has been renamed). The message bus code is obsolete/orphaned in XD 2.0 but some is required to support current integration tests. We can look at pruning it some more but complete removal likely depends on integrating the s-c-s enabled Admin SPI. MB will remain in XD 1.x.,0,0,0,0,1,0,1,0,0,0,1,0,0,0,0,0,1,0,2,0,0,0,1,0
ISSUE-1621,Create CompositeModuleRegistry,Currently there is no ModuleRegistry contract for composite modules. The composed module definition is maintained in ZooKeeperModuleDefinitionRepository which delegates to the ModuleRegistry to define and validate component modules. The repository should be converted to a ModuleRegistry.,1,0,1,0,0,0,1,0,0,0,1,0,0,0,0,0,1,0,3,0,0,0,1,0
ISSUE-0407,"Add """"module list"""" command","As a s-c-d developer, I'd like to have } shell command, so I can query and list all the modules supported within the }.",1,0,1,0,1,0,1,0,0,1,1,0,0,0,0,0,2,1,3,0,1,0,1,0
ISSUE-0597,Remove XML REST Endpoints,The XML REST endpoints: * are not working correctly * interfere with security * are not used,0,0,1,0,0,0,1,0,0,0,0,0,0,0,0,0,0,0,2,0,0,0,1,0
ISSUE-0814,RemoteFileToHadoopTests fails on 1.1.x,This error surfaced recently as a result of a fix to a bug in HostNotWindowsRule which disabled this test in all environments. Now the test has been reactivated it is failing on the 1.1.x branch. The test runs OK on master. Encountered an error executing step step1-master in job job org.springframework.messaging.MessageDeliveryException: failed to send Message to channel 'null'; nested exception is java.lang.IllegalStateException: ThreadPoolTaskExecutor not initialized at org.springframework.integration.channel.AbstractMessageChannel.send(AbstractMessageChannel.java:292) at org.springframework.integration.channel.AbstractMessageChannel.send(AbstractMessageChannel.java:239) at org.springframework.xd.dirt.integration.bus.local.LocalMessageBus$3.handleMessage(LocalMessageBus.java:262) at org.springframework.integration.dispatcher.AbstractDispatcher.tryOptimizedDispatch(AbstractDispatcher.java:116) at org.springframework.integration.dispatcher.UnicastingDispatcher.doDispatch(UnicastingDispatcher.java:101) at org.springframework.integration.dispatcher.UnicastingDispatcher.dispatch(UnicastingDispatcher.java:97) at org.springframework.integration.channel.AbstractSubscribableChannel.doSend(AbstractSubscribableChannel.java:77) at org.springframework.integration.channel.AbstractMessageChannel.send(AbstractMessageChannel.java:277) at org.springframework.integration.channel.AbstractMessageChannel.send(AbstractMessageChannel.java:239) at org.springframework.messaging.core.GenericMessagingTemplate.doSend(GenericMessagingTemplate.java:115) at org.springframework.messaging.core.GenericMessagingTemplate.doSend(GenericMessagingTemplate.java:45) at org.springframework.messaging.core.AbstractMessageSendingTemplate.send(AbstractMessageSendingTemplate.java:95) at org.springframework.integration.handler.AbstractMessageProducingHandler.sendOutput(AbstractMessageProducingHandler.java:248) at org.springframework.integration.handler.AbstractMessageProducingHandler.produceOutput(AbstractMessageProducingHandler.java:171) at org.springframework.integration.handler.AbstractMessageProducingHandler.sendOutputs(AbstractMessageProducingHandler.java:119) at org.springframework.integration.handler.AbstractReplyProducingMessageHandler.handleMessageInternal(AbstractReplyProducingMessageHandler.java:105) at org.springframework.integration.handler.AbstractMessageHandler.handleMessage(AbstractMessageHandler.java:78) at org.springframework.integration.dispatcher.AbstractDispatcher.tryOptimizedDispatch(AbstractDispatcher.java:116) at org.springframework.integration.dispatcher.UnicastingDispatcher.doDispatch(UnicastingDispatcher.java:101) at org.springframework.integration.dispatcher.UnicastingDispatcher.dispatch(UnicastingDispatcher.java:97) at org.springframework.integration.channel.AbstractSubscribableChannel.doSend(AbstractSubscribableChannel.java:77) at org.springframework.integration.channel.AbstractMessageChannel.send(AbstractMessageChannel.java:277) at org.springframework.integration.channel.AbstractMessageChannel.send(AbstractMessageChannel.java:239) at org.springframework.messaging.core.GenericMessagingTemplate.doSend(GenericMessagingTemplate.java:115) at org.springframework.messaging.core.GenericMessagingTemplate.doSend(GenericMessagingTemplate.java:45) at org.springframework.messaging.core.AbstractMessageSendingTemplate.send(AbstractMessageSendingTemplate.java:95) at org.springframework.messaging.core.AbstractMessageSendingTemplate.send(AbstractMessageSendingTemplate.java:85) at org.springframework.batch.integration.partition.MessageChannelPartitionHandler.handle(MessageChannelPartitionHandler.java:224) at org.springframework.batch.core.partition.support.PartitionStep.doExecute(PartitionStep.java:106) at org.springframework.batch.core.step.AbstractStep.execute(AbstractStep.java:198) at org.springframework.batch.core.job.SimpleStepHandler.handleStep(SimpleStepHandler.java:148) at org.springframework.batch.core.job.flow.JobFlowExecutor.executeStep(JobFlowExecutor.java:64) at org.springframework.batch.core.job.flow.support.state.StepState.handle(StepState.java:67) at org.springframework.batch.core.job.flow.support.SimpleFlow.resume(SimpleFlow.java:165) at org.springframework.batch.core.job.flow.support.SimpleFlow.start(SimpleFlow.java:144) at org.springframework.batch.core.job.flow.FlowJob.doExecute(FlowJob.java:134) at org.springframework.batch.core.job.AbstractJob.execute(AbstractJob.java:304) at org.springframework.batch.core.launch.support.SimpleJobLauncher$1.run(SimpleJobLauncher.java:135) at org.springframework.core.task.SyncTaskExecutor.execute(SyncTaskExecutor.java:50) at org.springframework.batch.core.launch.support.SimpleJobLauncher.run(SimpleJobLauncher.java:128) at org.springframework.batch.integration.x.RemoteFileToHadoopTests.testSimple(RemoteFileToHadoopTests.java:161) at sun.reflect.NativeMethodAccessorImpl.invoke0(Native Method) at sun.reflect.NativeMethodAccessorImpl.invoke(NativeMethodAccessorImpl.java:62) at sun.reflect.DelegatingMethodAccessorImpl.invoke(DelegatingMethodAccessorImpl.java:43) at java.lang.reflect.Method.invoke(Method.java:483) at org.junit.runners.model.FrameworkMethod$1.runReflectiveCall(FrameworkMethod.java:50) at org.junit.internal.runners.model.ReflectiveCallable.run(ReflectiveCallable.java:12) at org.junit.runners.model.FrameworkMethod.invokeExplosively(FrameworkMethod.java:47) at org.junit.internal.runners.statements.InvokeMethod.evaluate(InvokeMethod.java:17) at org.junit.internal.runners.statements.RunBefores.evaluate(RunBefores.java:26) at org.springframework.test.context.junit4.statements.RunBeforeTestMethodCallbacks.evaluate(RunBeforeTestMethodCallbacks.java:73) at org.junit.internal.runners.statements.RunAfters.evaluate(RunAfters.java:27) at org.springframework.test.context.junit4.statements.RunAfterTestMethodCallbacks.evaluate(RunAfterTestMethodCallbacks.java:82) at org.springframework.test.context.junit4.statements.SpringRepeat.evaluate(SpringRepeat.java:73) at org.junit.runners.ParentRunner.runLeaf(ParentRunner.java:325) at org.springframework.test.context.junit4.SpringJUnit4ClassRunner.runChild(SpringJUnit4ClassRunner.java:217) at org.springframework.test.context.junit4.SpringJUnit4ClassRunner.runChild(SpringJUnit4ClassRunner.java:83) at org.junit.runners.ParentRunner$3.run(ParentRunner.java:290) at org.junit.runners.ParentRunner$1.schedule(ParentRunner.java:71) at org.junit.runners.ParentRunner.runChildren(ParentRunner.java:288) at org.junit.runners.ParentRunner.access$000(ParentRunner.java:58) at org.junit.runners.ParentRunner$2.evaluate(ParentRunner.java:268) at org.springframework.test.context.junit4.statements.RunBeforeTestClassCallbacks.evaluate(RunBeforeTestClassCallbacks.java:61) at org.springframework.test.context.junit4.statements.RunAfterTestClassCallbacks.evaluate(RunAfterTestClassCallbacks.java:68) at org.springframework.xd.test.HostNotWindowsRule$1.evaluate(HostNotWindowsRule.java:38) at org.junit.rules.RunRules.evaluate(RunRules.java:20) at org.junit.runners.ParentRunner.run(ParentRunner.java:363) at org.springframework.test.context.junit4.SpringJUnit4ClassRunner.run(SpringJUnit4ClassRunner.java:163) at org.junit.runner.JUnitCore.run(JUnitCore.java:137) at com.intellij.junit4.JUnit4IdeaTestRunner.startRunnerWithArgs(JUnit4IdeaTestRunner.java:74) at com.intellij.rt.execution.junit.JUnitStarter.prepareStreamsAndStart(JUnitStarter.java:211) at com.intellij.rt.execution.junit.JUnitStarter.main(JUnitStarter.java:67) at sun.reflect.NativeMethodAccessorImpl.invoke0(Native Method) at sun.reflect.NativeMethodAccessorImpl.invoke(NativeMethodAccessorImpl.java:62) at sun.reflect.DelegatingMethodAccessorImpl.invoke(DelegatingMethodAccessorImpl.java:43) at java.lang.reflect.Method.invoke(Method.java:483) at com.intellij.rt.execution.application.AppMain.main(AppMain.java:134) Caused by: java.lang.IllegalStateException: ThreadPoolTaskExecutor not initialized at org.springframework.util.Assert.state(Assert.java:385) at org.springframework.scheduling.concurrent.ThreadPoolTaskExecutor.getThreadPoolExecutor(ThreadPoolTaskExecutor.java:221) at org.springframework.scheduling.concurrent.ThreadPoolTaskExecutor.execute(ThreadPoolTaskExecutor.java:252) at org.springframework.integration.dispatcher.UnicastingDispatcher.dispatch(UnicastingDispatcher.java:89) at org.springframework.integration.channel.AbstractSubscribableChannel.doSend(AbstractSubscribableChannel.java:77) at org.springframework.integration.channel.AbstractMessageChannel.send(AbstractMessageChannel.java:277) ... 76 more java.lang.AssertionError: Expected :exitCode=COMPLETED;exitDescription= Actual :exitCode=FAILED;exitDescription= <Click to see difference> at org.junit.Assert.fail(Assert.java:88) at org.junit.Assert.failNotEquals(Assert.java:834) at org.junit.Assert.assertEquals(Assert.java:118) at org.junit.Assert.assertEquals(Assert.java:144) at org.springframework.batch.integration.x.RemoteFileToHadoopTests.testSimple(RemoteFileToHadoopTests.java:162) at sun.reflect.NativeMethodAccessorImpl.invoke0(Native Method) at sun.reflect.NativeMethodAccessorImpl.invoke(NativeMethodAccessorImpl.java:62) at sun.reflect.DelegatingMethodAccessorImpl.invoke(DelegatingMethodAccessorImpl.java:43) at org.junit.runners.model.FrameworkMethod$1.runReflectiveCall(FrameworkMethod.java:50) at org.junit.internal.runners.model.ReflectiveCallable.run(ReflectiveCallable.java:12) at org.junit.runners.model.FrameworkMethod.invokeExplosively(FrameworkMethod.java:47) at org.junit.internal.runners.statements.InvokeMethod.evaluate(InvokeMethod.java:17) at org.junit.internal.runners.statements.RunBefores.evaluate(RunBefores.java:26) at org.springframework.test.context.junit4.statements.RunBeforeTestMethodCallbacks.evaluate(RunBeforeTestMethodCallbacks.java:73) at org.junit.internal.runners.statements.RunAfters.evaluate(RunAfters.java:27) at org.springframework.test.context.junit4.statements.RunAfterTestMethodCallbacks.evaluate(RunAfterTestMethodCallbacks.java:82) at org.springframework.test.context.junit4.statements.SpringRepeat.evaluate(SpringRepeat.java:73) at org.junit.runners.ParentRunner.runLeaf(ParentRunner.java:325) at org.springframework.test.context.junit4.SpringJUnit4ClassRunner.runChild(SpringJUnit4ClassRunner.java:217) at org.springframework.test.context.junit4.SpringJUnit4ClassRunner.runChild(SpringJUnit4ClassRunner.java:83) at org.junit.runners.ParentRunner$3.run(ParentRunner.java:290) at org.junit.runners.ParentRunner$1.schedule(ParentRunner.java:71) at org.junit.runners.ParentRunner.runChildren(ParentRunner.java:288) at org.junit.runners.ParentRunner.access$000(ParentRunner.java:58) at org.junit.runners.ParentRunner$2.evaluate(ParentRunner.java:268) at org.springframework.test.context.junit4.statements.RunBeforeTestClassCallbacks.evaluate(RunBeforeTestClassCallbacks.java:61) at org.springframework.test.context.junit4.statements.RunAfterTestClassCallbacks.evaluate(RunAfterTestClassCallbacks.java:68) at org.springframework.xd.test.HostNotWindowsRule$1.evaluate(HostNotWindowsRule.java:38) at org.junit.rules.RunRules.evaluate(RunRules.java:20) at org.junit.runners.ParentRunner.run(ParentRunner.java:363) at org.springframework.test.context.junit4.SpringJUnit4ClassRunner.run(SpringJUnit4ClassRunner.java:163) at org.junit.runner.JUnitCore.run(JUnitCore.java:137) at com.intellij.junit4.JUnit4IdeaTestRunner.startRunnerWithArgs(JUnit4IdeaTestRunner.java:74) at com.intellij.rt.execution.junit.JUnitStarter.prepareStreamsAndStart(JUnitStarter.java:211) at com.intellij.rt.execution.junit.JUnitStarter.main(JUnitStarter.java:67) at sun.reflect.NativeMethodAccessorImpl.invoke0(Native Method) at sun.reflect.NativeMethodAccessorImpl.invoke(NativeMethodAccessorImpl.java:62) at com.intellij.rt.execution.application.AppMain.main(AppMain.java:134),0,0,0,0,0,0,1,0,0,0,1,0,0,0,0,0,0,0,2,0,0,0,1,0
ISSUE-1955,Can't use webhdfs with hdfs sink,When using spring.hadoop.fsUri set to webhdfs://localhost/ I'm getting an error: java.lang.NoClassDefFoundError: javax/ws/rs/core/MediaType including the following in xd/lib seems to fix this: - jersey-core-1.9.jar - jersey-server-1.9.jar,0,0,0,0,0,0,1,0,0,0,1,0,1,0,0,0,1,0,2,0,0,0,1,0
ISSUE-2908,Create an easier short-cut for launching adhoc Batch Jobs,"Currently, for adhoc launching of Batch jobs you have to use: stream create --name myTriggerStream --definition """"trigger > job:helloSpringXD"""" For renewed triggering of the job you have to undeploy and then redeploy the job. It would be nice if there was possibly a slightly simpler way of doing this. Just FYI - As a different approach you can also use the HTTP source: job create --name myjob --definition """"myjob"""" stream create --name myjobhttp --definition """"http > job:http"""" http post --data """"{}""""",0,0,0,0,0,0,0,0,0,0,1,0,0,0,0,0,0,0,1,0,0,0,0,0
ISSUE-2746,Add support for Hortonworks Data Platform 2.0,"(apologies if a ticket already exists for this, but I didn't see one) I spun up the Hortonworks Data Platform 2.0 sandbox, but see it isn't supported by Spring XD yet. How hard would it be to add these Distro's in? Is it just a matter of dropping in a lib folder for hadoop22 and/or hdp20, and allowing those and options to be passed in via the --hadoopDistro option? I'm currently trying to work through the following tutorial, but using the HDP 2.0 sandbox instead of the 1.3 sandbox http://hortonworks.com/hadoop-tutorial/using-spring-xd-to-stream-tweets-to-hadoop-for-sentiment-analysis/ Thanks!",0,0,0,0,1,0,0,0,0,0,0,0,1,0,0,0,2,0,0,0,1,0,0,0
ISSUE-0945,Provide an option for hdfs sink to not use tmp extension,"As a user, I'd like to have an option to have the hdfs sink not use a temporary inUseSuffix like .tmp. Instead we should write using the filename specified directly. This could be useful if we use """"Syncable"""" writes and the sink fails while the file is open. Without this new option the user would have to explicitly rename the file.",0,0,0,0,0,0,0,0,0,0,0,0,0,0,0,0,0,0,0,0,0,0,0,0
ISSUE-3110,"Simplify """"instance"""" deployment code","AbstractDeployer has 4 subclasses, 3 of which override e.g. deploy() making the boilerplate factorization ineffective. Introduce an intermediate class for those deployers that support the concept of an instance (Stream, Tap, Job to some extent)",1,0,1,0,1,0,1,0,0,0,1,0,0,0,0,0,2,0,3,0,1,0,1,0
ISSUE-0623,Change in file source breaks backward compatibility,With version 1.2.0 the option ref of the file source was removed and a new option mode was introduced. see XD-2850 and PR https://github.com/spring-projects/spring-xd/pull/1624. This means you have to destroy all streams using the ref option before you do an upgrade. It would have been much better to leave the ref option in the code and emit a deprecation warning if it is still used. This way an upgrade would be possible without interruption.,0,0,0,0,1,0,1,0,0,0,1,0,1,0,0,0,2,0,2,0,1,0,1,0
ISSUE-2217,Make transport configuration extensible.,"Change message-bus.xml to read <import resource=""""classpath*:/META-INF/spring-xd/transports/$-bus.xml""""/> So new transports may be configured in external jars",0,0,0,0,1,0,1,0,0,0,0,0,1,0,0,0,2,0,1,0,1,0,0,0
ISSUE-2661,With Partitioned Jobs,"Wire Partitioner and StepExecutionHandlers with the MessageBus"""",",1,1,1,1,1,0,1,0,0,1,1,0,0,0,1,1,2,2,4,2,1,1,1,1
ISSUE-3656,Create TCP source module,Based off SI tcp inbound adapter. This will allow for event forwarding that can select among the existing SI serialized/deserializer options.,0,0,0,0,0,0,1,0,0,0,1,0,0,0,0,0,0,0,2,0,0,0,1,0
ISSUE-1872,No main manifest attribute in xd-yarn-client jar,"Error deploying to YARN - $ ./spring-xd-1.0.0.BUILD-SNAPSHOT-yarn/bin/xd-yarn push -p spring-xd-1.0.0.BUILD-SNAPSHOT-yarn no main manifest attribute, in spring-xd-1.0.0.BUILD-SNAPSHOT-yarn/lib/spring-xd-yarn-client-1.0.0.BUILD-SNAPSHOT.jar probably related to boot changes",0,0,0,0,0,0,0,0,0,0,1,0,0,0,0,0,0,0,1,0,0,0,0,0
