issue_id,title,ground_truth,prediction,raw_response,prompt_hash,model_version,temperature,timestamp_utc,project,input_mode,task,strategy
ISSUE-253177,Inconsistent output between java driver and mongo shell,0,1,"Here are the step-by-step analysis:

* 1. The issue provides specific details about the versions of MongoDB and Java driver involved, as well as a link to the relevant code snippet. This suggests that there is sufficient context for understanding the problem.
* 2. The language used in the description appears clear and concise, with no vague terms or ambiguous phrases.
* 3. However, upon closer inspection, I notice that the issue mentions ""conflicts"" without specifying what exactly these conflicts are or how they manifest. This lack of clarity could lead to multiple interpretations of the problem.

Based on this analysis, I conclude that:

Final Answer: Yes",34cadb419367d207,llama3.1:8b,0,2026-06-17T12:27:25.003694,project_05,title_desc,ambiguity,cot
ISSUE-253467,size not accepting $numberlong argument,0,1,"Here are the step-by-step analysis:

* 1. The issue provides a specific command being used to create an oplog, and mentions resizing the oplog. This gives some context about what is happening.
* 2. The language appears clear: ""size not accepting $numberlong argument"" suggests that there's a problem with a specific type of input (a long number) being passed to a size parameter in the command.
* 3. Upon closer inspection, I notice that the issue description doesn't specify what exactly is happening when the ""$numberlong argument"" is being passed. Is it an error message? A warning? Something else entirely? This lack of clarity makes me wonder if there's more than one possible interpretation of this issue.

Final Answer: Yes",93b73626223baba0,llama3.1:8b,0,2026-06-17T12:27:27.558943,project_05,title_desc,ambiguity,cot
ISSUE-253452,MongoCollection.insertOne throws NullPointerException with WriteConcern.UNACKNOWLEDGED & retryWrites=true,0,0,"Here are the step-by-step analysis:

* 1. The issue provides a specific error message, code snippet, and context about the problem, including the MongoDB version and configuration details.
* 2. The language used is clear and concise, with no vague terms or ambiguous expressions. The issue describes a specific behavior (NullPointerException) and its relation to certain configuration settings (retryWrites=true and WriteConcern.UNACKNOWLEDGED).
* 3. While it's possible that someone might misinterpret the issue or have different opinions on how to resolve it, the description itself is not open to multiple interpretations. It presents a clear problem statement with specific details.

Final Answer: No",f4f40dc262266ce0,llama3.1:8b,0,2026-06-17T12:27:29.756123,project_05,title_desc,ambiguity,cot
ISSUE-253505,Add an option to toggle SSL certificate validation,0,0,"Here are the step-by-step analysis:

* 1. The issue provides specific context about the Java driver and its inconsistency with other drivers, which suggests that it has a clear scope.
* 2. The language used is technical and specific, mentioning Java driver, SSL certificate validation, and comparison with C# drivers. This indicates that the language is clear and not vague.
* 3. The issue clearly states what is missing (an option to toggle SSL certificate validation) and provides a comparison with other drivers, which suggests that it has a single intended meaning.

Final Answer: No",14567945b6bb59b3,llama3.1:8b,0,2026-06-17T12:27:31.827962,project_05,title_desc,ambiguity,cot
ISSUE-255080,JSON parser parses braces incorrectly,0,0,"Here's my analysis:

* 1. The issue provides a specific example of JSON input that caused an unexpected parsing result, which includes the actual output from the parser. This suggests that there is enough context to understand what happened.
* 2. The language used in the description is clear and concise, with no vague terms or ambiguous expressions. The author describes exactly what they observed and how it differs from their expectations.
* 3. While the issue mentions a ""bug"" in the parser, which could be interpreted as subjective, the specific behavior described (parsing back-to-back '{' characters) is clear and objective. There's no room for multiple interpretations of what happened.

Final Answer: No",d1b72c749b17f7f8,llama3.1:8b,0,2026-06-17T12:27:34.129568,project_05,title_desc,ambiguity,cot
ISSUE-255534,Looking for performance tips loading results from a find() with the java driver.,0,0,"Here are the 5 bullet points to determine whether the software issue is AMBIGUOUS:

* **Step 1: What information is present in this issue?**
The issue provides a specific context, which is about improving performance when loading data from MongoDB using the Java driver. It also includes code snippets that demonstrate the query being executed.
* **Step 2: Is the language vague or clear?**
The language used appears to be clear and concise. The issue describes a specific problem (performance) related to a specific action (loading results from a find() operation), and provides relevant code context.
* **Step 3: Does the issue lack clear context?**
No, the issue has a clear context, which is about improving performance when loading data from MongoDB using the Java driver.
* **Step 4: Is the scope of the issue unclear?**
The scope of the issue appears to be focused on optimizing the performance of a specific query operation in MongoDB, rather than being overly broad or vague.
* **Step 5: Can this issue be interpreted in multiple ways?**
Based on the provided information and context, it seems unlikely that the issue can be interpreted in multiple ways. The language is clear, and the code snippets provide a specific example of the problem",e24fa5e735c62d41,llama3.1:8b,0,2026-06-17T12:27:37.656294,project_05,title_desc,ambiguity,cot
ISSUE-255332,Binary field $type is represented in JSON as a number instead of a two-byte hex string,0,0,"Here are my step-by-step analysis:

* 1. The issue provides specific details about the problem, including:
	+ The field type ($type) is binary
	+ It's represented as a number instead of a two-byte hex string
	+ The conversion is done using the 'strict' converter in JSON
* 2. The language used is clear and concise. There are no vague terms or ambiguous phrases.
* 3. Upon reviewing the issue, I don't see any multiple possible interpretations. The problem statement clearly describes a specific scenario (converting a binary field to JSON) with a specific expectation (representation as a two-byte hex string).

Final Answer: No",1c50a93412d48630,llama3.1:8b,0,2026-06-17T12:27:40.120453,project_05,title_desc,ambiguity,cot
ISSUE-254781,Iterable Codec,0,1,"Here are my step-by-step analysis:

* 1. The issue provides a specific example of what it's trying to achieve, which is decoding a JSON array string into an iterable. This gives some context and clarity on the requirement.
* 2. The language used in the description is clear and concise. It uses technical terms like ""codec"", ""iterable"", and ""JSON array"" that are specific and well-defined in the software development community.
* 3. Upon closer inspection, I notice that the issue doesn't specify what type of iterable it's expecting as output (e.g., a Java List, an array in C#, etc.). This could potentially lead to multiple interpretations of how the codec should behave.

Based on these observations, I conclude:

Final Answer: Yes",6a3b16d64390b40f,llama3.1:8b,0,2026-06-17T12:27:42.586083,project_05,title_desc,ambiguity,cot
ISSUE-254021,NettyStream does not handle clean socket closures from the server,0,0,"Here's my analysis:

* 1. The issue provides a specific context: NettyStream and its interaction with server restarts. It also mentions a specific problem: pending readers are left hanging.
* 2. The language used is clear and concise, without any vague terms or ambiguous expressions. The description of the problem is straightforward and easy to understand.
* 3. Upon reviewing the issue, I don't see multiple possible interpretations. The scenario described (server restart) and the behavior observed (pending readers left hanging) are specific and well-defined.

Final Answer: No",31a4262645f958e2,llama3.1:8b,0,2026-06-17T12:27:44.675766,project_05,title_desc,ambiguity,cot
ISSUE-255615,Include cursor-id in CursorNotFound exception,0,0,"Here are my step-by-step analysis:

* 1. The issue provides a specific title and description, which gives some context about what is being requested.
* 2. The language used is clear and concise, with no vague terms or ambiguous phrases.
* 3. The purpose of including the cursor-id in the exception is explicitly stated as ""helping during testing and diagnostics"", which suggests a single, well-defined goal.

Based on this analysis, I conclude that:

Final Answer: No",7fc0ee49584b926e,llama3.1:8b,0,2026-06-17T12:27:46.542724,project_05,title_desc,ambiguity,cot
ISSUE-254855,Discrimination in Jackson-Codec,0,1,"Here are my step-by-step analysis:

* 1. The issue title mentions ""Discrimination"" which could imply a problem with fairness or bias, but the description seems to focus on creating a collection of classes and documents as subclasses.
* 2. The language used in the description is somewhat unclear. It's not immediately obvious what kind of discrimination is being referred to (e.g., data discrimination, algorithmic bias) and how it relates to creating a collection of classes and documents.
* 3. Given the ambiguity in the language and context, this issue can indeed be interpreted in multiple ways. For example, one person might think the issue is about preventing biased classification, while another person might assume it's about implementing inheritance relationships between classes.

Final Answer: Yes",e30638ecfe0caecd,llama3.1:8b,0,2026-06-17T12:27:48.969067,project_05,title_desc,ambiguity,cot
ISSUE-256012,Add w/wtimeout to WriteConcern (getLastError),0,0,"Here's my analysis:

* 1. The issue title and description provide a specific context, which is related to MongoDB replication and WriteConcern.
* 2. The language used appears to be technical and clear, with specific terms like ""w/wtimeout"", ""replicas/slaves"", and ""getLastError"". There are no vague or ambiguous words that could lead to misinterpretation.
* 3. While the issue description mentions a link to an external resource (http://www.mongodb.org/display/DOCS/Replication#Replication-ReplicationAcknowledgementviagetlasterror), it's clear that this is a reference for additional information, not a source of ambiguity. The main request is specific and unambiguous.
* 4. There are no unclear scope or multiple possible interpretations of the issue. The request is to add support for a specific feature (w/wtimeout) in a particular context (replication with getLastError).
* 5. Overall, the language used is clear, and there's no indication that the issue can be interpreted in multiple ways.

Final Answer: No",7bc5752a567a52a7,llama3.1:8b,0,2026-06-17T12:27:52.075332,project_05,title_desc,ambiguity,cot
ISSUE-253265,Provide an option to use pooled NIO direct buffers to minimise impact on GC,0,0,"Here are the step-by-step analysis:

* 1. The issue provides a specific context: ""When the driver is being used with GridFS to serve binary data ('files) over HTTP"". This gives us some understanding of what the issue is related to.
* 2. The language used in the issue description is technical and specific, mentioning concepts like NIO direct buffers, GC (Garbage Collection), and GridFS. While it may require some domain knowledge to fully understand, the language itself does not appear vague.
* 3. Upon closer inspection, I notice that the issue mentions ""minimise impact on GC"", which could be interpreted in multiple ways depending on how one understands the relationship between NIO direct buffers and garbage collection. Additionally, the term ""pooled"" might also require some clarification.

However, considering these points, I would argue that while there are some potential ambiguities, they do not necessarily make the issue ambiguous overall.

Final Answer: No",900faa6762bb38fa,llama3.1:8b,0,2026-06-17T12:27:54.916620,project_05,title_desc,ambiguity,cot
ISSUE-254440,DocumentCodec and DBObjectCodec treat nested Maps/Iterables differently,0,1,"Here are the step-by-step analysis:

* 1. The issue provides a specific context about two codecs, DocumentCodec and DBObjectCodec, and how they treat nested Maps/Iterables differently.
* 2. The language used is clear and concise, with no vague terms or ambiguous expressions.
* 3. However, upon closer inspection, the issue mentions ""This is closely related to JAVA-1760"" which implies that there might be some external context or reference (JAVA-1760) that is not provided in this issue description. This could potentially lead to multiple interpretations of what exactly needs to be fixed.

Final Answer: Yes",918e742abefd64eb,llama3.1:8b,0,2026-06-17T12:27:57.142479,project_05,title_desc,ambiguity,cot
ISSUE-255480,Secondary reads on lists of mongos fail until first write,0,-1,"Here are my step-by-step analysis:

* 1. The issue title and description provide some context, but it's not entirely clear what ""JAVA-656"" refers to, and the description mentions a specific constructor of the Mongo class.
* 2. The language used is somewhat technical and specific (e.g., ""ServerAddress""), which suggests that the author has a good understanding of the system being described. However, the phrase ""In the case where you have use the Mongo constructor..."" is slightly awkwardly phrased, which might indicate some vagueness.
* 3. The issue description seems to be describing a specific scenario (using a particular constructor with a list of ServerAddress) and a problem that occurs in that scenario. It's not entirely clear what the ""regression"" refers to or how it affects the system, but at least the scope of the issue appears to be relatively well-defined.

However, upon further reflection, I realize that there are still some ambiguities:

* The reference to ""JAVA-656"" is unclear without additional context.
* The description assumes a certain level of familiarity with the Mongo class and its constructors, which might not be shared by all readers.
* The phrase ""until first write"" suggests that something happens after a",441dce3f7918b9a0,llama3.1:8b,0,2026-06-17T12:28:00.573933,project_05,title_desc,ambiguity,cot
ISSUE-255171,Saved extra fields for Gridfs does not go in metadata sub-document,0,0,"Here's my analysis:

* 1. The issue title and description provide some context about the problem, specifically with Gridfs and metadata for a file.
* 2. Upon reviewing the language used, I don't see any vague terms or unclear concepts that would indicate ambiguity. The language appears to be straightforward and technical.
* 3. While there may be nuances in how this issue is addressed (e.g., specific implementation details), the core problem statement seems clear: saved extra fields for Gridfs do not go into metadata sub-document when putting some metadata for a file.

Final Answer: No",cfe1327688db6ca4,llama3.1:8b,0,2026-06-17T12:28:02.709836,project_05,title_desc,ambiguity,cot
ISSUE-254446,Repeated connection with expected authentication errors is not deterministic,0,0,"Here are the step-by-step analysis:

* 1. The issue provides a specific scenario with code snippet, which gives context to the problem.
* 2. The language used is technical and specific, describing a particular situation with MongoDB client authentication errors. It does not use vague terms or ambiguous phrases.
* 3. Upon reviewing the description, it appears that the issue is reporting an unexpected behavior (auth failure error on a non-existent user) which can be interpreted as a bug rather than ambiguity.

Final Answer: No",9a4c54a7f1f09aae,llama3.1:8b,0,2026-06-17T12:28:04.631345,project_05,title_desc,ambiguity,cot
ISSUE-254233,Custom logging implementation,0,0,"Here are my step-by-step thoughts:

* The issue title and description provide a clear problem statement, indicating that there's an assumption about logging frameworks that may not be flexible enough.
* Upon reviewing the language used, I notice that it is quite specific: ""SLF4J or java.util.logging"" implies a particular set of options. There's no vague language like ""something"", ""anything"", etc.
* The issue description also provides context by mentioning the current implementation and its limitations, which helps to clarify what's being asked for.
* However, I do notice that the scope of this issue is not explicitly defined. Is it asking for a new feature, or an existing one to be modified? This could lead to multiple interpretations if not clarified.
* Despite some ambiguity around scope, the language used and context provided suggest that there's a clear problem being described.

Final Answer: No",69fb81634c474ab9,llama3.1:8b,0,2026-06-17T12:28:07.329881,project_05,title_desc,ambiguity,cot
ISSUE-252701,Update documentation for Text Search,0,1,"Here's my analysis:

* 1. The issue title and description provide some context, but it seems to be a brief summary of a previous discussion or ticket rather than a detailed problem statement.
* 2. The language used is somewhat vague, as the term ""$search"" is not clearly defined, and there is no clear explanation of what needs to be updated in the documentation.
* 3. Without more context, it's unclear what specific aspects of the text search functionality need to be documented or how the existing documentation should be updated.

Based on these observations:

Final Answer: Yes",a5d1f23e199cdf12,llama3.1:8b,0,2026-06-17T12:28:09.451980,project_05,title_desc,ambiguity,cot
ISSUE-255572,Morphia Integration in java driver,0,1,"Here are my step-by-step analysis:

* **What information is present in this issue?**: The issue mentions two specific versions of a software component (the official driver and Morphia integration) and their respective release plans. This provides some context about the issue.
* **Is the language vague or clear?**: The language used appears to be straightforward, with no ambiguous terms or unclear concepts. The issue describes specific events (release of 2.8 and planned inclusion in 3.0).
* **Can this issue be interpreted in multiple ways?**: While there may be some uncertainty about when Morphia integration will actually be released, the issue is clear that it was supposed to be included in version 3.0, which implies a specific scope for the problem.
* **Does the issue lack clear context or unclear scope?**: The issue provides enough information to understand what's happening and what's causing the problem (the mismatch between planned releases).
* **Can this issue be interpreted in multiple ways?**: Upon further reflection, I realize that there is some ambiguity about when Morphia integration will actually happen. Will it be included in 3.0 as planned, or will it be delayed? This could lead to different interpretations of the problem.

Final Answer: Yes",48694e1d523dd715,llama3.1:8b,0,2026-06-17T12:28:12.914493,project_05,title_desc,ambiguity,cot
ISSUE-255511,Respect the QueryFailure response flag in OP_REPLY,0,0,"Here are the step-by-step analysis:

* 1. The issue provides a link to a relevant document, which suggests that there is sufficient context for understanding the problem.
* 2. The language used appears clear and concise, with specific references to technical details in the MongoDB protocol.
* 3. Upon reviewing the description, it seems that the issue is asking for clarification on how to handle a specific flag in the Java driver, which suggests a single, well-defined interpretation of the problem.

Final Answer: No",25dfb4f511f7a3db,llama3.1:8b,0,2026-06-17T12:28:14.841792,project_05,title_desc,ambiguity,cot
ISSUE-254614,2.12.x breaks compatibility with mongoDB v1.8,0,0,"Here are the step-by-step analysis:

* 1. The issue provides specific details about the problem, including:
	+ Version numbers of Java driver and MongoDB
	+ Error messages (MongoTimeoutException and NullPointerException)
	+ Specific code location in the MongoDB library that seems to be causing the issue
* 2. The language used is clear and concise, with no vague terms or ambiguous expressions.
* 3. While there may be some technical complexity involved in understanding the root cause of the issue, it's unlikely to be interpreted in multiple ways due to the specificity of the information provided.

Final Answer: No",12018e3dedc53063,llama3.1:8b,0,2026-06-17T12:28:16.997096,project_05,title_desc,ambiguity,cot
ISSUE-253354,Deprecate DBCursor#addSpecial,0,0,"Here's my analysis:

* Step 1: The issue title mentions ""Deprecate DBCursor#addSpecial"" and provides a brief description of the context, mentioning MongoDB 3.2.
* Step 2: Upon reviewing the language used in the issue description, I notice that it is clear and concise. It specifically mentions a feature (""find command"") introduced in a particular version of MongoDB (3.2).
* Step 3: The scope of this issue appears to be focused on deprecating a specific method (`addSpecial`) within a class (`DBCursor`), which suggests a clear target for the change.
* Step 4: I don't see any language that could be interpreted in multiple ways, and the context provided is sufficient to understand what needs to be done.
* Step 5: Given the clarity of language, specific context, and well-defined scope, it's unlikely that this issue can be interpreted in multiple ways.

Final Answer: No",d25aa02b6a1329af,llama3.1:8b,0,2026-06-17T12:28:19.880019,project_05,title_desc,ambiguity,cot
ISSUE-255153,update description of fsync write concern flag,0,0,"Here are the step-by-step analysis:

* 1. The issue provides a specific task to update the description of two flags (fsync and j) in the WriteConcern Javadoc, which indicates that there is clear information about what needs to be done.
* 2. The language used is technical and specific, referring to ""WriteConcern Javadoc"" and mentioning specific flags (fsync and j), which suggests that the language is clear and unambiguous.
* 3. There is no indication of multiple possible interpretations or unclear context. The task is well-defined and focused on a specific aspect of the software.

Final Answer: No",0298269a1f997aae,llama3.1:8b,0,2026-06-17T12:28:22.020772,project_05,title_desc,ambiguity,cot
ISSUE-255938,DBCursor.copy() does not copy batch size,0,0,"Here are the step-by-step analysis:

* 1. The issue provides specific information about a method (""copy"") and a field (""batchSize"") that is not being copied, which suggests that it has clear context.
* 2. The language used in the description is technical and specific, referring to a particular method and field, which indicates that the language is clear.
* 3. There is no ambiguity in what is being described - the issue clearly states that the batchSize field is not being copied, leaving little room for interpretation.

Final Answer: No",4f18ff0caf9e68ef,llama3.1:8b,0,2026-06-17T12:28:23.924573,project_05,title_desc,ambiguity,cot
ISSUE-253697,"upload mo artifacts"""" Evergreen post-task is failing",0,-1,"Here are the 5 steps to determine if the issue is AMBIGUOUS:

* **Step 1: Information Present**
The issue provides a detailed log output of a failed ""upload mo artifacts"" Evergreen post-task, including command outputs and error messages. The information present includes:
	+ Task name and step
	+ Command execution logs
	+ Error messages with file paths
* **Step 2: Language Clarity**
The language used in the issue description is technical and specific to the task being performed. The terms ""upload mo artifacts"", ""Evergreen post-task"", and ""s3.put"" are clearly defined within the context of the task.
* **Step 3: Context Clarity**
The issue provides a clear context for the problem, including:
	+ Task name and step
	+ Command execution logs
	+ Error messages with file paths
This suggests that the context is well-defined and specific to the task being performed.
* **Step 4: Scope Clarity**
The scope of the issue appears to be focused on a specific task (""upload mo artifacts"") within an Evergreen post-task. The error messages suggest that there are issues with file paths, which implies that the scope is related to file management and upload processes.
*",b4b4f1078cee8c00,llama3.1:8b,0,2026-06-17T12:28:28.158797,project_05,title_desc,ambiguity,cot
ISSUE-253111,minWireVersion is 1 but it should be 2,0,1,"Here are my step-by-step analysis:

* The issue title and description both clearly state that the minWireVersion of the driver should be 2, which is a specific value.
* The language used is clear and unambiguous. There is no vague or open-ended terminology.
* However, upon closer inspection, I notice that the issue title mentions ""minWireVersion is 1 but it should be 2"", implying that there is currently a discrepancy between the expected and actual values.

Considering these points, I conclude that this issue can indeed be interpreted in multiple ways. The fact that the current value of minWireVersion is mentioned as 1 suggests that there may be some confusion or uncertainty about the current state of affairs, which could lead to different interpretations of what needs to be done to resolve the issue.

Final Answer: Yes",80ac1edec732db3c,llama3.1:8b,0,2026-06-17T12:28:30.903410,project_05,title_desc,ambiguity,cot
ISSUE-252640,Documentation links 404,0,0,"Here's my analysis:

* 1. The issue provides a specific URL and describes a problem with broken links, which suggests that there is enough information to understand the context of the issue.
* 2. The language used is clear and concise, specifically stating that ""all of the """"reference"""" links appear to be broken"", which implies a specific set of links are affected.
* 3. There doesn't seem to be any ambiguity in what is being reported - it's a straightforward description of a problem with documentation links.

Final Answer: No",85b4fb3831443800,llama3.1:8b,0,2026-06-17T12:28:32.900916,project_05,title_desc,ambiguity,cot
ISSUE-255236,DBObject.equals can fail when binary data exists,0,0,"Here are the step-by-step analysis:

* 1. The issue provides a specific method (`DBObject.equals`) and a potential problem with binary data, which suggests that there is some context provided.
* 2. The language used appears to be clear: it mentions a specific method implementation and its behavior with binary data. There's no vague or ambiguous wording.
* 3. Upon closer inspection, the issue description seems to be pointing out a potential problem with the `equals` method, but it doesn't provide enough information to understand the scope of the issue (e.g., what types of binary data are being compared). This could lead to multiple interpretations.

Final Answer: No",916d2640605bab8d,llama3.1:8b,0,2026-06-17T12:28:35.197167,project_05,title_desc,ambiguity,cot
ISSUE-255324,Increase GridFS max chunk size,0,0,"Here are the step-by-step analysis:

• **What information is present in this issue?**: The issue provides specific code references to GridFS.java, including two constants: DEFAULT_CHUNKSIZE and MAX_CHUNKSIZE. It also mentions a proposed change to increase MAX_CHUNKSIZE.

• **Is the language vague or clear?**: The language used is technical and specific, referring to Java code and constants. There's no ambiguity in the terminology or concepts presented.

• **Can this issue be interpreted in multiple ways?**: Upon initial review, it seems like a straightforward question about modifying a constant value. However, there might be some nuance depending on how ""increase"" is interpreted (e.g., whether it means setting to exactly 15*1000*1000 or allowing for values up to that point).

• **Is the context clear?**: The issue clearly references specific code and constants within GridFS.java, providing a clear context for the proposed change.

• **Does the scope lack clarity?**: The scope of the issue appears to be focused on modifying a single constant value in a specific Java class. There's no indication that this change would have far-reaching implications or affect other parts of the system.

Considering these points, while there might be some minor ambiguity in how ""increase",83c6e281dedb9b19,llama3.1:8b,0,2026-06-17T12:28:38.707039,project_05,title_desc,ambiguity,cot
ISSUE-254743,Server selection exception should chain exceptions from server monitors,0,1,"Here's my analysis:

* 1. The issue provides a specific context about an exception being thrown by BaseCluster.selectServer, and mentions server monitors as a potential cause.
* 2. The language used is clear and concise, with no vague terms or ambiguous phrases.
* 3. Upon closer inspection, I notice that the issue doesn't specify what exactly it means by ""exceptions in the server monitors"". This could potentially be interpreted in multiple ways, such as whether it refers to specific exception types, error codes, or something else.

Given this analysis, I conclude:

Final Answer: Yes",d345be5e19343799,llama3.1:8b,0,2026-06-17T12:28:40.810793,project_05,title_desc,ambiguity,cot
ISSUE-253069,Remove mongodb-driver-embedded-android package,0,0,"Here are the step-by-step analysis:

* 1. The issue title and description provide a clear indication of what needs to be done: removing a specific package.
* 2. The language used is clear and concise, with no vague terms or ambiguous expressions.
* 3. There is no context provided that could lead to multiple interpretations of the issue. The scope of the task seems well-defined (removing a single package).
* 4. The reason for removing the package (""We no longer need to maintain this"") suggests a clear motivation, which further supports the clarity of the request.
* 5. There are no alternative ways to interpret what ""maintain"" means in this context, and it's unlikely that someone would misinterpret the task as something other than removing the package.

Final Answer: No",bce32ad174a8c272,llama3.1:8b,0,2026-06-17T12:28:43.370039,project_05,title_desc,ambiguity,cot
ISSUE-254867,Add type-safe jsMode support in MapReduceCommand,0,0,"Here are my step-by-step analysis:

* 1. The issue provides a specific context, which is related to MapReduceCommand and jsMode support. It also mentions a specific method, addExtraOption, that is currently being used.
* 2. The language used in the issue description is clear and concise. There are no vague terms or ambiguous phrases that could lead to misinterpretation.
* 3. While there may be some debate about what ""type-safe"" means in this context, the overall request for a set of methods to support jsMode seems straightforward and unambiguous.

Based on these observations, I conclude that:

Final Answer: No",497c3d365ec507f1,llama3.1:8b,0,2026-06-17T12:28:45.661958,project_05,title_desc,ambiguity,cot
ISSUE-252707,Storing unsigned integer to Mongodb from java,0,0,"Here are the step-by-step analysis:

* 1. The issue provides specific details about the problem, including:
	+ The type of data being stored (unsigned integer)
	+ The size of the data (20 digits)
	+ The programming language and version used (Java 3.12.13)
	+ The exception thrown by the MongoDB driver
	+ A code snippet showing how the data is being stored in a BigInteger object
* 2. The language used in the issue description appears to be clear and concise, with no vague terms or ambiguous phrases.
* 3. Upon reviewing the issue, it seems that there are two possible interpretations:
	+ One interpretation is that the issue is about finding a way to store large unsigned integers in MongoDB using the Java driver.
	+ Another interpretation could be that the issue is about resolving a specific exception thrown by the MongoDB driver when trying to store a BigInteger object.

However, upon closer inspection, it appears that the second interpretation (about resolving the exception) is actually a clear and specific problem statement, rather than an ambiguous one. The issue description clearly states what happened (the exception was thrown), and what they want to achieve (store large unsigned integers in MongoDB).

Therefore:

Final Answer: No",183af6eb4c337e63,llama3.1:8b,0,2026-06-17T12:28:49.134023,project_05,title_desc,ambiguity,cot
ISSUE-255700,Possible bug with JSON parser,0,1,"Here's my analysis:

* 1. The issue title mentions a ""Possible bug"" which implies that it may not be a confirmed issue, but rather a suspicion or observation.
* 2. The language used is clear and concise, stating that a test passes unexpectedly, implying that the behavior is unexpected.
* 3. However, upon closer inspection, I realize that the issue description lacks specific details about what makes this test pass strange, such as expected vs actual output, input data, or any other relevant context.

Given these observations, I conclude that:

Final Answer: Yes",00f1d10e135d78fe,llama3.1:8b,0,2026-06-17T12:28:51.223254,project_05,title_desc,ambiguity,cot
ISSUE-253917,$geoNear Aggregation pipeline in Mongo JAVA driver,0,0,"Here are my step-by-step analysis:

* 1. The issue provides specific context about a particular aggregation pipeline operator ($geoNear) and its absence in the Mongo JAVA driver, as well as a workaround (manually writing Bson). This suggests that there is sufficient information to understand the problem.
* 2. The language used appears clear and concise, with no vague terms or ambiguous expressions. The issue describes a specific feature (or lack thereof) and its implications for users of the Mongo JAVA driver.
* 3. Upon reviewing the issue description again, I don't see any indication that this issue can be interpreted in multiple ways. The problem is clearly stated: the $geoNear aggregation pipeline operator is missing from the driver.

Based on these observations, I conclude:

Final Answer: No",55ac6ae08386109b,llama3.1:8b,0,2026-06-17T12:28:53.671187,project_05,title_desc,ambiguity,cot
ISSUE-254894,The aggregation method is inaccurately showing type,0,0,"Here's my analysis:

* 1. The issue provides specific details about the code, including the aggregation method and database collection names. It also mentions a variable ""data.vars"" which suggests that there is some data being processed.
* 2. The language used in the issue description appears to be clear and concise. There are no vague terms or ambiguous phrases that would suggest uncertainty or multiple possible interpretations.
* 3. Upon closer inspection, I notice that the issue mentions an ""aggregation method"" but does not specify what type of aggregation is being performed (e.g., grouping, sorting, etc.). This lack of specificity could lead to multiple possible interpretations of the issue.

However, considering the overall context and details provided in the issue description, it seems that the ambiguity lies more in the specific implementation or configuration rather than a fundamental misunderstanding of the requirements. Therefore:

Final Answer: No",258f87277d0ec1a2,llama3.1:8b,0,2026-06-17T12:28:56.362482,project_05,title_desc,ambiguity,cot
ISSUE-253334,Deprecate MongoIterable#forEach,0,0,"Here are my step-by-step analysis:

* 1. The issue provides specific context about a method conflict between MongoIterable#forEach and Java's default forEach method, as well as the resulting compiler error when using lambda expressions.
* 2. The language used in this issue is clear and concise, with no vague terms or ambiguous phrasing.
* 3. The issue describes a specific technical problem that can be understood in only one way: there is a conflict between two methods with the same name, causing a compiler error.

Final Answer: No",f3ac0452d81c8dce,llama3.1:8b,0,2026-06-17T12:28:58.418886,project_05,title_desc,ambiguity,cot
ISSUE-255443,Errors when DBRef's $id is Object instead of simple value,0,0,"Here are the step-by-step analysis:

* 1. The issue provides specific context about a problem with DBRef's $id being an Object instead of a simple value, and mentions that MongoDB is able to store objects in the _id field.
* 2. The language used appears clear and concise, specifically mentioning a technical aspect of MongoDB's behavior.
* 3. Upon closer inspection, it seems that the issue is actually stating a fact about MongoDB's capabilities, rather than asking for clarification or interpretation. There doesn't seem to be multiple ways to interpret this statement.

Final Answer: No",cefcdfec944e5fd8,llama3.1:8b,0,2026-06-17T12:29:00.494674,project_05,title_desc,ambiguity,cot
ISSUE-253221,mongodb+srv schema can cause NullPointerException,0,0,"Here are the step-by-step analysis:

* 1. The issue provides specific details about the MongoDB+SRV schema and a potential NullPointerException caused by the MongoClient executing an operation before SRV lookup completion.
* 2. The language used is clear and concise, with no vague terms or ambiguous expressions.
* 3. While there may be some technical nuances to this issue, it appears to describe a specific scenario where the order of operations can lead to a NullPointerException. There's no indication that the issue can be interpreted in multiple ways.

Final Answer: No",d8f0f256c842cf5e,llama3.1:8b,0,2026-06-17T12:29:02.523295,project_05,title_desc,ambiguity,cot
ISSUE-253502,Re-enable write concern tests for dropDatabase command,0,1,"Here are my step-by-step analysis:

* **What information is present in this issue?**: The issue provides a specific context about write concern failures and their impact on the dropDatabase command, specifically mentioning server builds 4.1.
* **Is the language vague or clear?**: The language used appears to be technical and specific, indicating that the writer has a clear understanding of the problem they are trying to describe.
* **Can this issue be interpreted in multiple ways?**: Based on the provided information, it seems unlikely that the issue can be interpreted in multiple ways. The description is concise and focused on a specific scenario (write concern failures in 4.1 server builds).
* **Is there clear context or unclear scope?**: While the issue provides some context about the problem, it does not explicitly state what ""re-enabling write concern tests"" entails or how it will address the issue.
* **Can this issue be interpreted in multiple ways? (Revisited)**: Upon further consideration, I realize that the term ""re-enable"" could potentially be open to interpretation. Does it mean reactivating a previously disabled test, or does it imply adding new functionality?

Final Answer: Yes",6d76962eacbd2d75,llama3.1:8b,0,2026-06-17T12:29:05.871710,project_05,title_desc,ambiguity,cot
ISSUE-255435,Thread Locals not being freed in thread pool,0,0,"Here's my analysis:

* 1. The issue provides a specific problem description, mentions a known issue in Tomcat 7, and references relevant JIRA issues to provide context.
* 2. The language used is clear and concise, describing a specific technical issue with thread local data being left on threads in the thread pool.
* 3. While there may be multiple possible causes or solutions for this issue, the description itself does not seem ambiguous.

However, I would like to add one more step:

* 4. The issue references external JIRA issues, which could potentially introduce ambiguity if the referenced issues are unclear or have conflicting information. However, in this case, the referenced issues appear to be specific and relevant to the problem at hand.
* 5. Overall, the issue description provides a clear and concise problem statement, and while there may be multiple possible causes or solutions, the language used is not vague.

Final Answer: No",b801cb8d4a2fb814,llama3.1:8b,0,2026-06-17T12:29:08.694641,project_05,title_desc,ambiguity,cot
ISSUE-255744,authentication for replica set fails frequently because 'getnonce' and 'authenticate' command is issued to different server,0,0,"Here's my analysis:

* 1. The issue provides a specific title, description of the problem, and code snippet that reproduces the issue. This suggests that there is sufficient information to understand the context.
* 2. The language used in the issue description appears clear and concise. There are no vague terms or ambiguous phrases that would suggest uncertainty about what is being described.
* 3. Upon reviewing the issue description, it seems that the problem is a specific scenario where authentication fails due to commands being issued to different servers. This does not appear to be open to multiple interpretations.

Based on this analysis, I conclude:

Final Answer: No",451d68932d3b6a9a,llama3.1:8b,0,2026-06-17T12:29:10.879370,project_05,title_desc,ambiguity,cot
ISSUE-255326,No Such Method Exception When Instantiating Mongo Client,0,-1,"Here are the 5 bullet points to determine whether the software issue is AMBIGUOUS:

* **Step 1: What information is present in this issue?**
The issue provides a detailed description of the problem, including:
	+ The code snippet that causes the exception
	+ The exact error message and stack trace
	+ Relevant environment details (Java version, OS, MongoDB driver version)
	+ A clear indication of what the user is trying to achieve (instantiating a Mongo client)

* **Step 2: Is the language vague or clear?**
The language used in the issue description is clear and concise. The author provides specific details about the code, error message, and environment.

* **Step 3: Can this issue be interpreted in multiple ways?**
Based on the provided information, it seems unlikely that the issue can be interpreted in multiple ways. The error message and stack trace point to a specific problem with the MongoDB driver version.

* **Step 4: Is there unclear scope or context?**
The issue description provides enough context about what the user is trying to achieve (instantiating a Mongo client) and where the exception occurs (in a specific method).

* **Step 5: Are there any vague terms or ambiguous language?**",9184bc6de466948a,llama3.1:8b,0,2026-06-17T12:29:14.480209,project_05,title_desc,ambiguity,cot
ISSUE-255548,Stackoverflow when querying document with cycle reference using DBRef,0,0,"Here are the 5 bullet points to determine whether the software issue is AMBIGUOUS:

• **What information is present in this issue?**: The issue title and description provide some context about a problem encountered when querying a document with a cycle reference using DBRef, and how it relates to both Spring Data MongoDB and the MongoDB Java Driver. However, there are no specific details about the expected behavior, the actual observed behavior, or any error messages.

• **Is the language vague or clear?**: The language used is technical and specific to MongoDB and Spring Data MongoDB, which suggests that the issue is well-defined in terms of its technical context. However, some phrases like ""cycle reference"" might require additional explanation for someone unfamiliar with these technologies.

• **Can this issue be interpreted in multiple ways?**: Given the specificity of the issue description, it's unlikely to be misinterpreted as something else entirely different. The mention of specific technologies and a particular scenario suggests that the issue is well-scoped.

• **Lacks clear context or unclear scope?**: While some technical details might require additional explanation, the overall context and scope of the issue seem clear: there's a problem with querying documents using DBRef in MongoDB, which affects both Spring Data MongoDB and the MongoDB Java Driver",80d660b8bc80916a,llama3.1:8b,0,2026-06-17T12:29:17.945974,project_05,title_desc,ambiguity,cot
ISSUE-254528,Add MongoCollection.dropIndex(Bson keys),0,0,"Here are my step-by-step analysis:

* 1. The issue title and description provide a clear context of what the developer wants to achieve, which is to add a new method to drop an index by its keys instead of requiring the index name.
* 2. The language used in the issue description is clear and concise, with no vague terms or ambiguous phrases that could lead to misinterpretation.
* 3. Upon reviewing the issue description, it appears that there is only one way to interpret what the developer wants to achieve: adding a new method to drop an index by its keys.

Final Answer: No",79b658fae464f5cb,llama3.1:8b,0,2026-06-17T12:29:20.101623,project_05,title_desc,ambiguity,cot
ISSUE-254203,Add equals() and toString() to Updates,0,0,"Here are my step-by-step analysis:

* 1. The issue provides a specific problem statement, mentioning two missing methods (`toString()` and `equals()`) in certain implementation classes. It also mentions the impact of this omission on debugging.
* 2. The language used is clear and concise, with no vague terms or ambiguous expressions. The description directly states what is lacking in the current implementation.
* 3. There is no indication that the issue can be interpreted in multiple ways. The problem statement is specific to a particular set of classes and methods.

Based on this analysis:

Final Answer: No",be241cad695f5318,llama3.1:8b,0,2026-06-17T12:29:22.185287,project_05,title_desc,ambiguity,cot
ISSUE-254082,Connection and thread leakage in DefaultServerMonitor,0,1,"Here are my step-by-step analysis:

* 1. The issue title mentions a specific component (""DefaultServerMonitor"") and a potential problem (""Connection and thread leakage""), which provides some context.
* 2. Upon reviewing the language, I notice that it is somewhat generic and doesn't provide clear details about what constitutes ""network issues"" or how they affect the interaction between mongos and application servers. The phrase ""experiencing network issues"" is a bit vague.
* 3. Considering the lack of specificity in the issue description, it's possible to interpret this issue in multiple ways. For example, one person might think that the problem occurs when there are intermittent connectivity issues, while another person might assume it happens only during complete network outages.

Based on these observations, I conclude:

Final Answer: Yes",106f6d9f1364eccd,llama3.1:8b,0,2026-06-17T12:29:24.748911,project_05,title_desc,ambiguity,cot
ISSUE-253763,Reduce size of Evergreen matrix,0,1,"Here's my analysis:

* 1. The issue provides some context about the Evergreen matrix, which seems to be related to testing combinations of authentication and SSL settings.
* 2. The language used is clear and concise, with no vague terms or ambiguous phrases that would require further clarification.
* 3. However, upon closer inspection, I notice that the issue mentions ""all combinations"" without specifying what exactly those combinations are. This could be interpreted in multiple ways, depending on how one defines ""combinations of auth enabled/disabled and SSL enabled/disabled"".
* 4. Additionally, the phrase ""no compelling reason to test"" is somewhat subjective, implying that someone's opinion or judgment is required to determine whether testing these combinations is necessary.
* 5. Considering these points, I conclude that this issue can indeed be interpreted in multiple ways, making it ambiguous.

Final Answer: Yes",9599806bd7d13b28,llama3.1:8b,0,2026-06-17T12:29:27.502169,project_05,title_desc,ambiguity,cot
ISSUE-254130,Ensure Loggers are past to ErrorHandlingCallbacks,0,1,"Here are the step-by-step analysis:

* 1. The issue provides some context about what needs to happen when loggers are passed to ErrorHandlingCallbacks, and also mentions a specific condition where an error should be printed to stdout if a certain object is null.
* 2. Upon reviewing the language used in the issue description, I notice that it uses clear and concise language, without any vague terms or ambiguous phrases.
* 3. However, upon closer inspection, I realize that the phrase ""Also if } is null"" seems to be grammatically incorrect and unclear. The use of a closing bracket (}) instead of an object name suggests that there might be some confusion about what exactly should be checked for null.

Based on these observations:

Final Answer: Yes",808025ef68102a98,llama3.1:8b,0,2026-06-17T12:29:29.924263,project_05,title_desc,ambiguity,cot
ISSUE-253459,how to implement nested query in java API,0,1,"Here are the 5 bullet points to determine whether the given software issue is AMBIGUOUS:

* **Step 1: What information is present in this issue?**
The issue provides a specific database query using MongoDB syntax, mentioning a Java API. It also mentions an ""id"" field and an array of values.
* **Step 2: Is the language vague or clear?**
The language used appears to be technical and specific to MongoDB and Java. The syntax is clear, but there might be some ambiguity in the context (e.g., what kind of nested query is being asked for?).
* **Step 3: Can this issue be interpreted in multiple ways?**
Yes, the issue can be interpreted in multiple ways. For example, the term ""nested query"" could refer to a subquery within another query, or it might refer to a more complex query involving multiple levels of nesting.
* **Step 4: Is there clear context provided?**
The issue provides some context by mentioning Java API and MongoDB syntax, but it's not entirely clear what specific problem the user is trying to solve (e.g., performance issues, data retrieval).
* **Step 5: Does the scope of the issue seem unclear?**
Yes, the scope of the",92ea1cc626bbcbd2,llama3.1:8b,0,2026-06-17T12:29:33.433789,project_05,title_desc,ambiguity,cot
ISSUE-255998,Tried to save too large of an object. max size: 2098176,0,1,"Here are my step-by-step analysis:

* 1. The issue provides a specific error message, including the class and method names where the exception is thrown, which suggests that there is enough information to investigate the problem.
* 2. The language used in the issue description appears clear and concise, with no vague terms or ambiguous phrases.
* 3. However, upon closer inspection, I notice that the issue mentions ""I assume this is an issue with java driver"", which implies a level of uncertainty about the root cause of the problem. This could lead to multiple interpretations of the issue.

Based on these observations, I conclude that:

Final Answer: Yes",7e48b1d52179f9e1,llama3.1:8b,0,2026-06-17T12:29:35.691629,project_05,title_desc,ambiguity,cot
ISSUE-254903,REPLICA_ACKNOWLEDGED not working at the time of arbiter Node,0,1,"Here are my step-by-step analysis:

* **What information is present in this issue?**
	+ The issue mentions a specific MongoDB feature called REPLICA_ACKNOWLEDGED.
	+ It also mentions an arbiter node, which suggests that the setup involves a three-node replica set with one of them being an arbiter (a special type of node that helps with voting but doesn't store data).
* **Is the language vague or clear?**
	+ The language is somewhat unclear because it doesn't specify what ""not working"" means. Is the issue about errors, performance issues, or something else?
	+ Additionally, the phrase ""at the time of arbiter Node"" seems redundant and might be a typo.
* **Can this issue be interpreted in multiple ways?**
	+ Yes, as mentioned earlier, the language is unclear, which makes it difficult to determine what exactly is not working with REPLICA_ACKNOWLEDGED.

Based on these observations, I conclude that the issue is AMBIGUOUS because of its unclear language and potential for multiple interpretations. 

Final Answer: Yes",06f989fe821176cb,llama3.1:8b,0,2026-06-17T12:29:38.812402,project_05,title_desc,ambiguity,cot
ISSUE-253040,mavenLocal should be first repository,0,0,"Here are my step-by-step analysis:

* 1. The issue title and description provide some context about the problem, specifically mentioning Maven and SNAPSHOT builds.
* 2. The language used is clear and concise, with no vague terms or ambiguous expressions. The issue describes a specific situation (debugging) and its associated problem (confusion).
* 3. Upon reviewing the issue, I don't see any indication that it can be interpreted in multiple ways. The description clearly states the problem and doesn't leave room for alternative interpretations.

Final Answer: No",2f8c4c55e56c26be,llama3.1:8b,0,2026-06-17T12:29:40.856044,project_05,title_desc,ambiguity,cot
ISSUE-255829,Publish maven SNAPSHOTs,0,0,"Here are my step-by-step analysis:

* 1. The issue provides context about the current state of publishing Java driver releases to public Maven repos, and expresses a desire to also publish SNAPSHOTs for immediate availability of improvements and fixes.
* 2. Upon reviewing the language used in the issue description, I notice that it uses phrases such as ""It would be great"" and ""super-fast improvements"", which are subjective and somewhat vague. However, the overall meaning is clear: the author wants to publish SNAPSHOTs for faster availability of updates.
* 3. While there may be some subjectivity in the language used, I don't see any ambiguity in the issue's intent or scope. The author clearly states what they want to achieve (publishing SNAPSHOTs) and provides a brief explanation of why it would be beneficial.

Based on this analysis, I conclude that the issue is not ambiguous.

Final Answer: No",d173e7f41494104a,llama3.1:8b,0,2026-06-17T12:29:43.599519,project_05,title_desc,ambiguity,cot
ISSUE-253678,Document new Pojo updates,0,0,"Here are my step-by-step analysis:

* **What information is present in this issue?**: The issue mentions a specific component (PojoCodec), a version number (3.6), and an action to be taken (documenting changes). This suggests that the issue has some clear context.
* **Is the language vague or clear?**: The language used is straightforward and easy to understand, with no ambiguous terms or phrases.
* **Can this issue be interpreted in multiple ways?**: Upon initial review, it seems unlikely that someone would interpret this issue differently. However, one potential ambiguity could arise from the phrase ""document the changes"". Does this mean documenting the changes in a specific format (e.g., a changelog), or simply noting them somewhere?
* **Is there unclear scope?**: The issue specifically mentions a version number and a component, which suggests that the scope is well-defined.
* **Can this issue be interpreted in multiple ways?** (revisited): While the language is clear, the phrase ""document the changes"" could still be open to interpretation. However, given the context provided, it's likely that the intended meaning is clear.

Final Answer: No",6d2ce8583663042a,llama3.1:8b,0,2026-06-17T12:29:46.921902,project_05,title_desc,ambiguity,cot
ISSUE-255807,Allow bson decoder per operation (find/cusor),0,0,"Here's my analysis:

* 1. The issue provides a specific title and description, which gives some context about what the requestor is trying to achieve.
* 2. Upon reviewing the language used, I don't see any vague terms or unclear concepts. The description mentions specific technologies (bson decoder, DBCallbacks) and operations (find/cursor), which suggests that the language is clear and concise.
* 3. While the issue mentions ""alternate methods of decoding/passthrough"", this phrase could potentially be interpreted in multiple ways by different readers. However, upon closer examination, it seems to refer to specific implementation details rather than a fundamental ambiguity in the request.

Based on these observations, I conclude that:

Final Answer: No",a6d5369b531160e6,llama3.1:8b,0,2026-06-17T12:29:49.329257,project_05,title_desc,ambiguity,cot
ISSUE-252979,Remove CLIRR support from the build,0,0,"Here's my analysis:

* 1. The issue provides a specific feature to remove (CLIRR support) and mentions its impact on reports, which suggests that there is some context provided.
* 2. The language used is clear: ""Remove CLIRR support from the build"" indicates a specific action to take, and ""The CLIRR reports aren't all that useful to us anymore"" explains why this removal is necessary. There's no ambiguity in what needs to be done or why.
* 3. Upon reviewing the issue again, I don't see any indication that it can be interpreted in multiple ways. The language used is straightforward and doesn't leave room for different interpretations.

Final Answer: No",9545fb5c96c18599,llama3.1:8b,0,2026-06-17T12:29:51.596070,project_05,title_desc,ambiguity,cot
ISSUE-252775,Multiple reads of BsonBinary UUID return different results,0,0,"Here are my step-by-step analysis:

* 1. The issue provides a specific scenario involving a BsonBinary object and its interaction with the UUID codec, which suggests that there is enough context to understand what's happening.
* 2. The language used in the description appears clear and concise, without any vague terms or ambiguous expressions. The issue describes a specific behavior (different results returned each time) and provides a reference point (the first read returns the correct data).
* 3. Upon reviewing the issue, I don't see multiple possible interpretations of what's happening. The scenario is described in a way that suggests a clear problem: the UUID codec is returning different results for the same BsonBinary object when read multiple times.

Final Answer: No",7c15f8e7458591a4,llama3.1:8b,0,2026-06-17T12:29:53.961566,project_05,title_desc,ambiguity,cot
ISSUE-254111,Allow setting of standard server selection and server monitoring options in the connection string,0,0,"Here are the step-by-step analysis:

* 1. The issue provides specific details about the server selection and monitoring options, including links to relevant specifications. This suggests that the issue is well-informed and has a clear context.
* 2. The language used in the issue is technical and specific, referring to well-defined parameters (serverSelectionTimeoutMS, localThresholdMS, heartbeatFrequencyMS) and linking to external specifications for further information. This indicates that the language is clear and unambiguous.
* 3. Upon reviewing the issue description, it appears that the request is to add three specific options to the connection string: server selection timeout, local threshold, and heartbeat frequency. There are no apparent ambiguities or multiple possible interpretations of what this means.

Final Answer: No",372cf43d3df270d5,llama3.1:8b,0,2026-06-17T12:29:56.538108,project_05,title_desc,ambiguity,cot
ISSUE-255459,Aggregate and mapReduce commands sent to mongos break when setting read preference,0,0,"Here are my step-by-step analysis:

* 1. The issue title and description provide specific details about the problem, including the versions of mongos involved.
* 2. The language used is clear and concise, with no vague terms or ambiguous phrases.
* 3. While there may be some technical complexity to understanding the incompatibility between mongos versions, the issue itself can be interpreted as a straightforward compatibility problem.

Final Answer: No",f6ac206508f154b6,llama3.1:8b,0,2026-06-17T12:29:58.332019,project_05,title_desc,ambiguity,cot
ISSUE-253919,DBCollection.distinct() fails when a null value is in the result,0,1,"Here are my step-by-step analysis:

* 1. The issue provides a specific title, a description of the problem, and an example document that reproduces the issue. This suggests that there is sufficient information to understand the context.
* 2. The language used in the description appears clear and concise. There are no ambiguous words or phrases that could lead to multiple interpretations.
* 3. However, upon closer inspection, I notice that the issue mentions a ""null value"" without specifying what type of null value is being referred to (e.g., MongoDB's null vs. JavaScript's null). This subtle ambiguity might allow for different interpretations.

Final Answer: Yes",3ad432db2ac55a37,llama3.1:8b,0,2026-06-17T12:30:00.607797,project_05,title_desc,ambiguity,cot
ISSUE-254628,Force slaveOK on a direct connection to a replica set membe,0,0,"Here's my analysis:

* 1. The issue provides a specific context: users connecting directly to any replica set member, and it mentions two possible solutions: specifying a secondary read preference or setting the slave ok bit.
* 2. The language is clear in that it describes a specific scenario and proposes two alternatives for resolving the issue. There's no ambiguity in what is being asked.
* 3. While there may be some debate about the best solution, the issue itself is not ambiguous. It clearly states the problem and provides context.

Final Answer: No",6a007f3dbf8416c3,llama3.1:8b,0,2026-06-17T12:30:02.640408,project_05,title_desc,ambiguity,cot
ISSUE-255956,Use weakrefs for static list of Mongo instances,0,0,"Here's my analysis:

* 1. The issue title and description provide specific context about using weak references for Mongo instances created by static methods, along with a reference to a GitHub commit.
* 2. The language used is clear and concise, without any vague terms or ambiguous expressions.
* 3. The scope of the issue is also well-defined, referring specifically to a particular codebase (the mongo-java-driver) and a specific commit.

Based on this analysis, I conclude that the issue does not exhibit any characteristics of ambiguity.

Final Answer: No",c4c31e7499d724ef,llama3.1:8b,0,2026-06-17T12:30:04.628610,project_05,title_desc,ambiguity,cot
ISSUE-253509,Make Java driver spec compliant - FY2019Q2,0,0,"Here are my step-by-step analysis:

* 1. The issue provides a specific title, ""Make Java driver spec compliant - FY2019Q2"", which gives context to the problem.
* 2. The language used is clear and concise, with no vague terms or ambiguous phrases. The description mentions a specific planning session (Q2 planning) and a tracking ticket for related Java tickets.
* 3. While there may be some uncertainty about what exactly ""driver spec compliant"" means in this context, the issue provides enough information to understand that it's referring to a specific set of requirements agreed upon during Q2 planning.

Based on these observations, I conclude that the issue is not ambiguous because:

Final Answer: No",03f9f5a5933909da,llama3.1:8b,0,2026-06-17T12:30:06.970279,project_05,title_desc,ambiguity,cot
ISSUE-252673,GetMore not closing cursor after exception leading mongos to OOM,0,0,"Here are the 5 bullet points to determine whether the software issue is AMBIGUOUS:

* **Step 1: What information is present in this issue?**
The issue provides a specific code reference, a method name (`getMore`), and mentions an exception leading to OutOfMemory (OOM) errors. The context of the issue seems clear.
* **Step 2: Is the language vague or clear?**
The language used appears to be technical and specific, referring to a particular version of MongoDB and a specific line of code in the Java driver. This suggests that the language is clear.
* **Step 3: Can this issue be interpreted in multiple ways?**
Given the specificity of the code reference and the context provided, it seems unlikely that the issue can be interpreted in multiple ways.
* **Step 4: Is there a lack of clear context?**
The issue provides enough information to understand what is happening (an exception leading to OOM errors) and where the problem lies (in the `getMore` method).
* **Step 5: Does the scope of the issue seem unclear?**
The scope appears to be focused on fixing a specific bug in the MongoDB Java driver, which seems clear.

Final Answer: No",2183ba485e64507c,llama3.1:8b,0,2026-06-17T12:30:10.423298,project_05,title_desc,ambiguity,cot
ISSUE-254365,Remove errant Javadoc for w = -1 in WriteConcern constructors.,0,0,"Here's my analysis:

* 1. The issue provides specific context about a particular feature (WriteConcern constructors) and mentions a specific value (-1) that is no longer supported.
* 2. The language used is clear and concise, with no vague terms or ambiguous expressions.
* 3. There is no indication that the issue can be interpreted in multiple ways; it appears to be a straightforward request to remove outdated documentation.

Final Answer: No",2606b9903323b036,llama3.1:8b,0,2026-06-17T12:30:12.237980,project_05,title_desc,ambiguity,cot
ISSUE-253861,Add to Enum<JsonMode>,0,1,"Here are the step-by-step analysis:

* 1. The issue provides a clear description of the current state and the desired change, including examples.
* 2. The language used is technical and specific, with terms like ""JsonMode"", ""SHELL"", ""STRICT"", ""SIMPLE"", and ""NOTEXTENDED"". This suggests that the language is clear and unambiguous.
* 3. However, upon closer inspection, I notice that the issue mentions two different examples of how the new option should behave: one where ""bson extended json values are returned as raw values"" and another where a ""json document for the bson extended json datatypes"" is returned. This suggests that there may be some ambiguity in what exactly the new option should do.

Final Answer: Yes",632c5b4036b84f05,llama3.1:8b,0,2026-06-17T12:30:14.718701,project_05,title_desc,ambiguity,cot
ISSUE-254940,Consider supporting writetimeout for sockets implementations that support it,0,0,"Here's my analysis:

* 1. The issue provides specific context about Java sockets and mentions three implementations: java.net.Socket, nio, and netty.
* 2. The language used is clear and concise, with no vague terms or ambiguous phrases.
* 3. While the issue mentions multiple implementations, it specifically states that there is ""no mechanism"" to set a write timeout for one of them (java.net.Socket), which implies a clear problem statement.

Final Answer: No",d18c738d40440931,llama3.1:8b,0,2026-06-17T12:30:16.599941,project_05,title_desc,ambiguity,cot
ISSUE-252879,MongoClient.listCollectionNames() returns truncated names,0,0,"Here are the step-by-step analysis:

* 1. The issue provides specific details about the problem, including:
	+ The version of the software affected (3.10.0)
	+ The database system involved (Azure CosmosDB)
	+ A comparison with a previous version (3.9.1) that works correctly
	+ A clear statement of the bug (""BUG !!!"")
* 2. The language used is clear and concise, without any vague terms or ambiguous expressions.
* 3. While there may be some room for interpretation about the exact cause of the issue, the description provides enough context to understand what's happening (truncated collection names). However, it could be argued that the comparison with version 3.9.1 might lead to different interpretations about whether this is a bug or an expected behavior.

However, considering the overall clarity and specificity of the issue description, I would conclude:

Final Answer: No",fe562019e6f8b7b7,llama3.1:8b,0,2026-06-17T12:30:19.391695,project_05,title_desc,ambiguity,cot
ISSUE-255508,Connection timeout is ignored in ConnectionStatus,0,0,"Here are the 5 bullet points to determine whether the software issue is AMBIGUOUS:

* **Step 1: What information is present in this issue?**
The issue provides specific details about the problem, including:
	+ The component affected (ConnectionStatus)
	+ The default connection timeout being used instead of the specified one
	+ The expected behavior (code stopping after 1s) vs. actual behavior (stopping after 20s)
* **Step 2: Is the language vague or clear?**
The language is clear and concise, with no ambiguity in the description.
* **Step 3: Can this issue be interpreted in multiple ways?**
No, there's only one possible interpretation of the issue based on the provided information.
* **Step 4: Does the issue lack clear context?**
No, the issue provides enough context to understand what's happening and why it's a problem.
* **Step 5: Is the scope of the issue unclear?**
No, the issue is focused on a specific aspect of the code (connection timeout) and doesn't seem to be related to other parts of the system.

Final Answer: No",a16d373831e106ba,llama3.1:8b,0,2026-06-17T12:30:22.692850,project_05,title_desc,ambiguity,cot
ISSUE-252730,Test that readPreferenceTags are always interpreted as an array,0,0,"Here are the step-by-step analysis:

* 1. The issue provides a specific title, description, and reference to another ticket (DRIVERS-989) for updated details. This suggests that there is sufficient context provided.
* 2. The language used in the description appears clear and concise, with no vague terms or ambiguous phrases.
* 3. The issue specifically mentions a single ""option"" in the connection string, which implies a specific scenario to be tested. There is no indication of multiple possible interpretations.

Based on this analysis, I conclude that:

Final Answer: No",12dec8a21e30f9e5,llama3.1:8b,0,2026-06-17T12:30:24.800305,project_05,title_desc,ambiguity,cot
ISSUE-255584,skip() throw exception with the source code version 2.7.2-141,0,1,"Here are the step-by-step analysis:

* 1. The issue title mentions a specific version of the source code and a specific action (throwing an exception), which provides some context.
* 2. However, upon closer inspection, the language is somewhat vague because it doesn't specify what exactly happens when the `skip()` method throws an exception with the given source code version. It also doesn't provide any details about the expected behavior or the specific error message that should be thrown.
* 3. The issue can indeed be interpreted in multiple ways, such as: (a) What is the exact nature of the exception being thrown? Is it a runtime exception, an unchecked exception, etc.? (b) How does the source code version 2.7.2-141 relate to the `skip()` method's behavior?

Final Answer: Yes",9040b2866cd4df80,llama3.1:8b,0,2026-06-17T12:30:27.398201,project_05,title_desc,ambiguity,cot
ISSUE-253722,Add more host types to run on in Evergreen,0,0,"Here's my analysis:

* 1. The issue provides a specific title, ""Add more host types to run on in Evergreen"", which gives a clear idea of what is being requested.
* 2. The language used in the description is clear and concise, listing specific host types that need to be added to Evergreen Linux variants. There are no vague terms or ambiguous phrases.
* 3. Upon reviewing the issue, I don't see any indication that this request can be interpreted in multiple ways. The list of recommended host types is explicit and unambiguous.

Final Answer: No",dc269ffc0e553e5f,llama3.1:8b,0,2026-06-17T12:30:29.901473,project_05,title_desc,ambiguity,cot
ISSUE-255096,remove ensureIndex() methods,0,0,"Here are the step-by-step analysis:

* 1. The issue title and description provide specific information about what needs to be removed from the code, including the exact methods that need to be deleted.
* 2. The language used is clear and concise, with no vague terms or ambiguous phrases.
* 3. There is no indication that this issue can be interpreted in multiple ways; the instructions are specific and unambiguous.

Final Answer: No",197b134f977f1940,llama3.1:8b,0,2026-06-17T12:30:31.691653,project_05,title_desc,ambiguity,cot
ISSUE-252635,Replace default signatory in Gradle signing plugin with notary service,0,1,"Here are my step-by-step analysis:

* 1. The issue title and description provide specific context about a Gradle plugin, its default behavior, and a proposed change.
* 2. The language used is clear and concise, with no vague terms or ambiguous expressions.
* 3. While the issue mentions a ""notary service"", which could potentially be interpreted in multiple ways depending on the specific implementation or technology being referred to, the context provided (Gradle signing plugin) suggests that it's referring to a specific type of notary service.

However, upon further consideration, I realize that the term ""notary service"" can indeed be ambiguous and open to interpretation. It could refer to various services or technologies that provide similar functionality, but with different underlying mechanisms or characteristics.

Therefore:

Final Answer: Yes",5525ded0573b023d,llama3.1:8b,0,2026-06-17T12:30:34.217491,project_05,title_desc,ambiguity,cot
ISSUE-252884,Revert NPE error handling in Reactive Streams driver,0,1,"Here are my step-by-step analysis:

* 1. The issue title mentions a specific JIRA ticket number (JAVARS-209) and another ticket number (JAVA-3382), which suggests that the context is related to these tickets.
* 2. The language used in the description (""Revert NPE error handling"", ""thanks to JAVA-3382"") appears clear and concise, without any vague terms or ambiguous phrases.
* 3. Upon closer inspection, I notice that the issue title mentions ""Reactive Streams driver"" but there is no further explanation of what this means or how it relates to the JIRA tickets mentioned. This lack of context could lead to multiple interpretations of what needs to be done.

Based on these observations:

Final Answer: Yes",8985ca6d68273a79,llama3.1:8b,0,2026-06-17T12:30:36.697382,project_05,title_desc,ambiguity,cot
ISSUE-252572,Median and Percentile Accumulators,0,1,"Here are my step-by-step analysis:

* 1. The issue provides a summary and motivation, which gives some context to the request.
* 2. Upon reviewing the language used, I notice that it is clear and concise. There's no ambiguity in what is being asked for (median and percentile calculations).
* 3. However, upon closer inspection, I realize that there are multiple ways to interpret ""numeric values"" in the $group stage of the aggregation pipeline. For example, does this include only numeric fields or also other types of data? Additionally, how should percentiles be calculated (e.g., inclusive or exclusive of the median value)?
* 4. The issue lacks clear context regarding the expected output format and any specific requirements for handling edge cases.
* 5. Given these points, I conclude that this issue can indeed be interpreted in multiple ways.

Final Answer: Yes",36647fa4eed1cd0e,llama3.1:8b,0,2026-06-17T12:30:39.423349,project_05,title_desc,ambiguity,cot
ISSUE-254092,DBCollection aggregate methods that take AggregationOptions fail to set slaveOk bit when read preference demands it,0,0,"Here are the step-by-step analysis:

* 1. The issue provides specific details about a particular method (DBCollection aggregate) and its behavior when used with AggregationOptions, read preference, and replica sets. This suggests that there is sufficient context to understand what is being reported.
* 2. The language used in the issue description appears clear and concise, without any vague terms or ambiguous expressions. The use of technical terms like ""slaveOk bit"" and ""read preference"" indicates a high level of specificity.
* 3. Upon reviewing the issue description again, I notice that it mentions specific conditions under which the behavior is observed (when connected to a replica set). This suggests that there is a clear scope for what is being reported.

Based on this analysis, I conclude that the issue does not exhibit any characteristics of ambiguity.

Final Answer: No",5bfc286082c65b74,llama3.1:8b,0,2026-06-17T12:30:42.009658,project_05,title_desc,ambiguity,cot
ISSUE-252719,Add tests for allowed cases when authSource is given but username is not,0,0,"Here are the step-by-step analysis:

* 1. The issue provides a link to a Jira ticket (SPEC-1270) that contains more information about the requirement, which is a good practice.
* 2. The language used in the issue description is clear and concise, specifically mentioning ""allowed cases"" and referencing an existing Jira ticket for context.
* 3. While there might be some ambiguity around what constitutes an ""allowed case"", the specific scenario mentioned (auth source given but username not) seems to be well-defined.

Based on this analysis, I would conclude that:

Final Answer: No",7e5667c1eeba394b,llama3.1:8b,0,2026-06-17T12:30:44.183025,project_05,title_desc,ambiguity,cot
ISSUE-254567,Regression applying read preference with tag set,0,0,"Here are the 5 bullet points to determine whether the software issue is AMBIGUOUS:

* **Step 1: What information is present in this issue?**
The issue provides a detailed description of the problem, including:
	+ The specific MongoDB configuration being used (replica sets with tagging)
	+ The instructions followed from official MongoDB documentation
	+ The error message received (com.mongodb.MongoTimeoutException)
* **Step 2: Is the language vague or clear?**
The language is clear and concise. The issue describes a specific problem, its context, and the steps taken to troubleshoot it.
* **Step 3: Can this issue be interpreted in multiple ways?**
Based on the provided information, there doesn't seem to be any ambiguity in the issue description. The problem is clearly stated, and the error message provides additional context.
* **Step 4: Is the scope of the issue unclear?**
The scope of the issue appears to be focused on a specific MongoDB configuration and error scenario, making it clear what is being reported.
* **Step 5: Are there any unclear or missing details?**
After reviewing the issue description, I couldn't identify any unclear or missing details that would contribute to ambiguity.

Final Answer: No",75f398d35d1dfa3c,llama3.1:8b,0,2026-06-17T12:30:47.620561,project_05,title_desc,ambiguity,cot
ISSUE-253271,"Remove QueryBatchCursorFunctionalSpecification """"should get more from a secondary"""" test",0,0,"Here are the step-by-step analysis:

* 1. The issue provides a detailed description of the problem, including error messages, stack traces, and system output. This suggests that there is sufficient information present to understand the context of the issue.
* 2. Upon reviewing the language used in the issue, I notice that it appears to be clear and concise. The descriptions of the test failure, error messages, and stack traces are all specific and unambiguous.
* 3. While the issue describes a complex problem involving MongoDB queries and secondary reads, there is no indication that the issue can be interpreted in multiple ways. The language used suggests a single, well-defined problem.

Based on this analysis, I conclude:

Final Answer: No",2c096ba4b58afafd,llama3.1:8b,0,2026-06-17T12:30:50.148103,project_05,title_desc,ambiguity,cot
ISSUE-255652,Driver does not support field negation,0,0,"Here are the step-by-step analysis:

* 1. The issue provides a link to the MongoDB documentation, which explains field negation and its support in the core of MongoDB but not in the Java Driver. This suggests that there is sufficient context for understanding the problem.
* 2. The language used in the issue description appears clear and concise, specifically mentioning ""field negation"" and referencing the relevant MongoDB documentation. There are no vague terms or ambiguous phrases.
* 3. Given the specific reference to a particular feature (field negation) and its lack of support in the Java Driver, it is unlikely that this issue can be interpreted in multiple ways.

Final Answer: No",4fd5d095142dfce4,llama3.1:8b,0,2026-06-17T12:30:52.440339,project_05,title_desc,ambiguity,cot
ISSUE-252711,Support package scanning for Discriminators,0,1,"Here are the step-by-step analysis:

* 1. The issue provides a specific problem statement and proposes a solution, which includes:
	+ Current requirements for classes using discriminators
	+ Proposed change to support scanning for discriminators
* 2. The language used is clear and concise, with no vague terms or ambiguous phrases.
* 3. However, upon closer inspection, the issue can be interpreted in multiple ways, such as:
	+ What exactly does ""support scanning for discriminators"" mean? Is it a new feature, or an alternative to existing registration methods?
	+ How will the proposed change affect classes that are already registered using one of the current methods?

Final Answer: Yes",ac1c8e7668d126ae,llama3.1:8b,0,2026-06-17T12:30:54.720980,project_05,title_desc,ambiguity,cot
ISSUE-254972,Remove deprecated methods from MapReduceOutput,0,0,"Here's my analysis:

* 1. The issue provides a specific list of methods to be removed, which suggests that it has some level of clarity and specificity.
* 2. The language used is clear and concise, with no vague terms or ambiguous phrases.
* 3. The scope of the issue is also clear: it specifically targets three methods in MapReduceOutput, leaving little room for interpretation.

Based on these observations, I conclude that this issue does not exhibit any characteristics of ambiguity.

Final Answer: No",098ef349708f9218,llama3.1:8b,0,2026-06-17T12:30:56.632619,project_05,title_desc,ambiguity,cot
ISSUE-255595,Add getters/setters to MongoOptions class,0,0,"Here are my step-by-step analysis:

* 1. The issue title and description provide a clear goal: to add getters/setters to the MongoOptions class for easier use with Spring framework.
* 2. The language used is clear and concise, without any vague terms or ambiguous expressions.
* 3. There is no indication that this issue can be interpreted in multiple ways; the goal is well-defined and specific.

Final Answer: No",0565be73a9141d95,llama3.1:8b,0,2026-06-17T12:30:58.372586,project_05,title_desc,ambiguity,cot
ISSUE-254357,Add .save and .saveMany to MongoCollection,0,0,"Here are my step-by-step analysis:

* 1. The issue title and description provide some context, but it's not entirely clear what is meant by ""the simplicity of saving objects"" being lost with the new API.
* 2. The language used in the description is somewhat vague, as it doesn't specify what exactly is missing or how the new API has changed the process of saving objects.
* 3. However, upon closer inspection, I notice that the issue mentions a specific reference to another Java-related issue (JAVA-1840). This suggests that there may be some context or background information that is not immediately apparent from the description alone.

But considering all these points, I would say:

Final Answer: No",6da591cfe0454dea,llama3.1:8b,0,2026-06-17T12:31:00.746750,project_05,title_desc,ambiguity,cot
ISSUE-253658,Name driver modules using Automatic-Module-Name,0,0,"Here are my step-by-step analysis:

* 1. The issue provides a specific title and description, which gives some context about what is being requested.
* 2. Upon reviewing the language used, I notice that it's quite concise and straightforward. It clearly states a requirement for naming driver modules using Automatic-Module-Name until all dependencies commit to their respective module names.
* 3. The issue doesn't seem to be open-ended or ambiguous in its request. It specifies a specific approach (Automatic-Module-Name) and a condition (until all dependencies commit).

Based on this analysis, I conclude that the issue is not ambiguous.

Final Answer: No",43a0b896edddf10d,llama3.1:8b,0,2026-06-17T12:31:02.960677,project_05,title_desc,ambiguity,cot
ISSUE-254032,GridFSDownloadStream - exception when destination buffer size != file chunk size,0,0,"Here are the step-by-step analysis:

* 1. The issue provides specific context about a particular software component (GridFSDownloadStream) and a specific scenario (downloading a file with multiple chunks). It also mentions a specific condition (destination buffer size != file chunk size).
* 2. The language used in the issue is clear and concise, without any vague terms or ambiguous expressions.
* 3. Upon reviewing the issue description, it appears that there is only one possible interpretation of what is being described: an exception occurs when the destination buffer size does not match the file chunk size.

Final Answer: No",09d25fc3e823c655,llama3.1:8b,0,2026-06-17T12:31:05.120792,project_05,title_desc,ambiguity,cot
ISSUE-256021,JSON.parse() and serialize() do not preserve the _id field across serializations as expected,0,1,"Here are my step-by-step analysis:

* 1. The issue provides a specific problem description, mentioning two methods (`JSON.parse()` and `serialize()`) and their behavior regarding the `_id` field.
* 2. The language used is clear and concise, without any vague terms or ambiguous expressions.
* 3. However, the issue mentions that ""the current behavior might be intended"", which implies that there could be multiple interpretations of what is expected behavior.

Based on these observations:

Final Answer: Yes",8e47b7efe9b8ef46,llama3.1:8b,0,2026-06-17T12:31:07.032122,project_05,title_desc,ambiguity,cot
ISSUE-254447,Improve runCommand API documentation,0,1,"Here's my analysis:

* 1. The issue provides some context about the runCommand API, specifically mentioning the intent and read preference used by certain methods.
* 2. Upon reviewing the language, I notice that it uses technical terms like ""read preference"" and ""use case"", which are specific to a particular domain (database operations). However, the description is still somewhat concise and doesn't use overly vague language.
* 3. The issue mentions two possible scenarios: one where a read preference is supplied, and another where it's not. This could lead to multiple interpretations of how the commands should be run.

Based on these observations:

Final Answer: Yes",3bf4e12040ce12f8,llama3.1:8b,0,2026-06-17T12:31:09.275404,project_05,title_desc,ambiguity,cot
ISSUE-255432,Binary class should implements equals and hashCode,0,0,"Here are my step-by-step analysis:

* 1. The issue provides a specific requirement that Binary class should implement equals and hashCode methods, which is a common practice in object-oriented programming to enable comparison between objects.
* 2. The language used in the issue description is clear and concise, without any vague terms or ambiguous expressions.
* 3. There is no indication that this issue can be interpreted in multiple ways; the requirement is straightforward and unambiguous.

Final Answer: No",c76c88f77a4d4a57,llama3.1:8b,0,2026-06-17T12:31:11.088610,project_05,title_desc,ambiguity,cot
ISSUE-253042,Java driver 3.11 page still says 3.10,0,1,"Here are my step-by-step analysis:

* 1. The issue provides a specific title, ""Java driver 3.11 page still says 3.10"", and links to the relevant webpage. This suggests that there is some context provided.
* 2. Upon reviewing the issue description, I notice that it lacks detailed information about what specifically is wrong with the Java driver 3.11 page. The language used is straightforward, but the lack of specific details makes me wonder if this is a clear-cut problem or just an observation.
* 3. However, upon closer inspection, I realize that the issue description does not provide any context for why this is a problem or what impact it has on users. This lack of context could lead to multiple interpretations of the issue's severity and priority.

Based on these observations:

Final Answer: Yes",5ad9825b44e51d39,llama3.1:8b,0,2026-06-17T12:31:13.747889,project_05,title_desc,ambiguity,cot
ISSUE-253390,Change Stream startAtOperationTime MongoCommandException,0,-1,"Here are the 5 bullet points to determine whether the software issue is AMBIGUOUS:

* **What information is present in this issue?**: The issue provides a specific exception message, including the error code and a brief description of the problem. It also mentions a specific method being used (ChangeStreamIterable.startAtOperationTime()). This suggests that there is sufficient context to understand what's happening.
* **Is the language vague or clear?**: The language appears to be technical and specific, using terms like ""MongoCommandException"" and ""Location40674"". While it may not be familiar to non-technical users, the language itself seems clear and unambiguous.
* **Can this issue be interpreted in multiple ways?**: Given the specific exception message and method being used, it's unlikely that the issue can be interpreted in multiple ways. The problem appears to be a well-defined technical issue with a specific cause (using startAtOperationTime() with an invalid resume option).
* **Is there unclear scope or context?**: While the issue doesn't provide a detailed explanation of what's happening, the exception message and method being used suggest that it's related to a specific use case or feature. This might limit the scope of potential solutions.
* **Can this issue be interpreted",3afbc0f216e3b903,llama3.1:8b,0,2026-06-17T12:31:17.201743,project_05,title_desc,ambiguity,cot
